{"type":"FeatureCollection","features":[{"type":"Feature","properties":{"NAME_1":"Baringo","name":"Baringo"},"geometry":{"type":"MultiPolygon","coordinates":[[[[35.8193,-0.1116],[35.8071,-0.0932],[35.7905,-0.1061],[35.7904,-0.157],[35.772,-0.1882],[35.7243,-0.1989],[35.7298,-0.1513],[35.6934,-0.103],[35.6889,-0.0684],[35.6523,-0.0724],[35.6671,-0.0437],[35.6412,-0.0544],[35.6328,-0.0294],[35.5839,-0.0013],[35.5431,-0.0023],[35.5229,0.0199],[35.5866,0.0378],[35.5735,0.0707],[35.5881,0.1745],[35.69502631032279,0.18335264461489345],[35.7056,0.2078],[35.7164,0.211],[35.7404,0.2276],[35.7224,0.2171],[35.7081,0.2644],[35.7227,0.3556],[35.6601,0.3918],[35.648,0.4661],[35.6021,0.5385],[35.6023,0.5613],[35.6451,0.5551],[35.6038,0.562],[35.613,0.5963],[35.5958,0.6168],[35.6052,0.6785],[35.6363,0.7055],[35.62,0.7423],[35.6428,0.8261],[35.623,0.8731],[35.637,0.9223],[35.633,0.9982],[35.6715,1.0454],[35.7098,1.1541],[35.6965,1.2084],[35.7071,1.2762],[35.6878,1.3626],[35.7119,1.4063],[35.7195,1.4766],[35.7613,1.5228],[35.7841,1.5841],[35.7811,1.6607],[36.0961,1.171],[36.1732,1.1752],[36.3173,0.9955],[36.3422,0.9983],[36.3515,0.9667],[36.3842,0.9551],[36.3955,0.9102],[36.4899,0.853],[36.406,0.7243],[36.3474,0.666],[36.2779,0.637],[36.2941,0.5704],[36.2274,0.4026],[36.2598,0.3802],[36.2614,0.3471],[36.231,0.34],[36.2257,0.3249],[36.2918,0.2585],[36.2886,0.2118],[36.2538,0.1881],[36.2026,0.24],[36.1796,0.2339],[36.1999,0.207],[36.1483,0.1907],[36.128,0.0645],[36.1063,0.0664],[36.1136,0.0109],[36.0936,-0.0059],[36.0069,0.036],[36.0,0.0656],[35.9657,0.0621],[35.9611,0.0932],[35.9406,0.101],[35.9302,0.075],[35.9785,0.021],[35.9497,-0.0457],[35.9171,-0.0763],[35.8773,-0.0297],[35.8193,-0.1116]],[[35.8221,0.5997],[35.822786359627635,0.6001858500734932],[35.8139,0.6044],[35.8221,0.5997]],[[35.8163,0.5768],[35.8387,0.6050999999999991],[35.8387,0.6050999999999993],[35.8163,0.5768]],[[35.8087,0.5568],[35.8132,0.5499],[35.80882012320329,0.5578811088295692],[35.8087,0.5568]],[[35.8124,0.5447],[35.81234051446945,0.5437184887459772],[35.8139,0.5452],[35.8124,0.5447]],[[35.8122,0.5414],[35.8126786259542,0.5408343511450344],[35.81224830508474,0.5421970338983145],[35.8122,0.5414]],[[35.7977,0.3395],[35.7975,0.3322],[35.7996,0.3483],[35.7977,0.3395]],[[35.7764,0.2897],[35.77643025889968,0.28953446601942195],[35.77928057312988,0.2947658355042799],[35.7764,0.2897]],[[35.77776402613312,0.2822379746835434],[35.7779,0.2828],[35.7769725848564,0.2865676240208599],[35.77776402613312,0.2822379746835434]],[[35.7767,0.2799],[35.77642654867257,0.27670973451327197],[35.777245523329135,0.2800948297604046],[35.7767,0.2799]],[[35.7764,0.2764],[35.77650906630582,0.2760798376184019],[35.77641216848674,0.27654196567862777],[35.7764,0.2764]],[[35.893,0.2753],[35.893133618843684,0.27553640256959294],[35.8901,0.2772],[35.893,0.2753]],[[35.8979,0.2777],[35.89789293642785,0.27788365287588296],[35.8943,0.2776],[35.8979,0.2777]],[[35.9187,0.2989],[35.9208,0.3056],[35.91859865661089,0.29880454866839556],[35.9187,0.2989]],[[35.917496875,0.30895624999999266],[35.918,0.3068],[35.918076303317534,0.3067672985781994],[35.917496875,0.30895624999999266]],[[35.9193,0.3116],[35.91901212121212,0.3117023569023568],[35.91731909959072,0.3097181446111869],[35.9193,0.3116]],[[36.1095,0.3268],[36.11495826513914,0.33127577741408976],[36.0856,0.3093],[36.1095,0.3268]],[[36.1236,0.3328],[36.1198,0.3349],[36.1197525527192,0.3348644839067716],[36.1236,0.3328]],[[36.13918445414848,0.32828820960698724],[36.139,0.3284],[36.1344,0.3278],[36.13918445414848,0.32828820960698724]],[[36.14321920305213,0.3248621025858462],[36.1423,0.3264],[36.13960176470587,0.3280352941176536],[36.14321920305213,0.3248621025858462]],[[36.1446,0.3207],[36.1527,0.309],[36.1448265882353,0.3221728235294109],[36.1446,0.3207]],[[35.8562,0.092],[35.8575,0.0946],[35.8501,0.0813],[35.8562,0.092]],[[35.925,0.0661],[35.91842258233142,0.0676216414009411],[35.9203,0.0667],[35.925,0.0661]],[[35.8234,0.0244],[35.82370503597122,0.0244316546762588],[35.82350810810811,0.02449729729729672],[35.8234,0.0244]],[[35.83430635983264,0.06246979079497308],[35.8342,0.0622],[35.8371,0.0492],[35.83430635983264,0.06246979079497308]],[[35.8327,0.0456],[35.8318,0.0327],[35.8328,0.0356],[35.8327,0.0456]],[[35.82629908256881,0.027009174311929708],[35.82625526315788,0.026969736842095162],[35.8263,0.027],[35.82629908256881,0.027009174311929708]],[[35.7775,0.2485],[35.77917616,0.26507536000001125],[35.7772,0.2515],[35.7775,0.2485]],[[36.0393,0.728],[36.03028359201774,0.7177946151409546],[36.03026160482278,0.7177261407338125],[36.0393,0.728]],[[36.0537,0.7381],[36.0472,0.7219],[36.05388225108225,0.7379177489177469],[36.0537,0.7381]],[[36.0665,0.7357],[36.0647,0.7344],[36.06629122807017,0.7350918382913793],[36.0665,0.7357]],[[36.0777,0.7313],[36.0776344182262,0.7313126118795775],[36.0785,0.7266],[36.0777,0.7313]],[[36.24208456189152,0.6472378303198888],[36.23591306990881,0.6474331306990883],[36.2382,0.647],[36.24208456189152,0.6472378303198888]],[[36.25646483357452,0.6499670043415282],[36.2514813986014,0.6478131468531472],[36.2529,0.6479],[36.25646483357452,0.6499670043415282]],[[35.86883606826387,0.5998965211683621],[35.87111472803347,0.5992498744769897],[35.87,0.5998],[35.86883606826387,0.5998965211683621]],[[35.876685628742514,0.5965005988023927],[35.877795449735444,0.5958603174603171],[35.8777,0.596],[35.876685628742514,0.5965005988023927]],[[35.8832,0.5877],[35.8904,0.5814],[35.89197350993378,0.5808456953642375],[35.8832,0.5877]],[[36.0131,0.669],[36.0233,0.697],[36.02336012793177,0.6974352116966062],[36.0131,0.669]],[[36.02707314814815,0.7141018518518525],[36.024,0.7085],[36.02365710659899,0.6995847715736335],[36.02707314814815,0.7141018518518525]]],[[[35.6723,1.0742],[35.673,1.0738],[35.6723,1.073],[35.6723,1.0742]]]]}},{"type":"Feature","properties":{"NAME_1":"Bomet","name":"Bomet"},"geometry":{"type":"Polygon","coordinates":[[[35.3334,-0.9702],[35.2386,-1.0297],[35.0826,-0.9005],[35.0127,-0.8839],[35.0219,-0.8425],[35.0444,-0.8485],[35.0913,-0.7969],[35.0477,-0.7021],[35.0724,-0.6871],[35.0548,-0.6507],[35.0592,-0.6166],[35.0726,-0.5931],[35.084,-0.594],[35.0797,-0.6462],[35.1226,-0.6581],[35.1784,-0.6514],[35.2286,-0.6095],[35.1955,-0.5702],[35.2063,-0.5432],[35.1773,-0.4906],[35.2206,-0.4699],[35.2086,-0.4616],[35.2327,-0.4169],[35.3148,-0.4154],[35.2834,-0.4858],[35.3121,-0.5063],[35.3946,-0.4553],[35.4277,-0.4506],[35.4738,-0.3951],[35.5872,-0.5833],[35.3969,-0.6386],[35.426,-0.7148],[35.4791,-0.757],[35.547,-0.7826],[35.4308,-0.8894],[35.4209,-0.9401],[35.3655,-0.9711],[35.3561,-0.9608],[35.3334,-0.9702]],[[35.2136,-0.8043],[35.217359999999985,-0.8050833333333305],[35.21350408163265,-0.8040122448979599],[35.2136,-0.8043]],[[35.219103587443946,-0.8069417040358748],[35.2267,-0.766],[35.21843513513514,-0.8053819819819832],[35.219103587443946,-0.8069417040358748]],[[35.2196,-0.8081],[35.2294,-0.812],[35.219420910623946,-0.807682124789207],[35.2196,-0.8081]],[[35.32919908536585,-0.7702753048780469],[35.3291,-0.7701],[35.3102,-0.7509],[35.32919908536585,-0.7702753048780469]],[[35.3318,-0.7705],[35.3354,-0.7675],[35.33563913043478,-0.7670347826086994],[35.3319,-0.7704],[35.3291,-0.7701],[35.3318,-0.7705]],[[35.38536,-0.747160000000013],[35.3862,-0.7444],[35.38582702702703,-0.7447729729729761],[35.38536,-0.747160000000013]],[[35.3933,-0.7465],[35.39320277777778,-0.7462673611111109],[35.3917,-0.7504],[35.3933,-0.7465]],[[35.3868,-0.728],[35.3843,-0.7253],[35.3877,-0.7346],[35.3868,-0.728]],[[35.3819,-0.7233],[35.38100436893204,-0.7234747572815541],[35.3818,-0.7255],[35.3819,-0.7233]],[[35.37950819905213,-0.719335023696682],[35.3791,-0.7191],[35.3778,-0.7241],[35.37950819905213,-0.719335023696682]],[[35.3802,-0.7207],[35.38094932885906,-0.7201647651006716],[35.37990018796992,-0.7195607142857147],[35.3802,-0.7207]],[[35.3304,-0.7724],[35.33014888712241,-0.7719557233704295],[35.32797,-0.77591],[35.3304,-0.7724]],[[35.3319,-0.7881],[35.32772162471396,-0.7763607551487414],[35.3277,-0.7764],[35.3319,-0.7881]],[[35.33340779961953,-0.793111604311988],[35.3337,-0.7898],[35.3333,-0.7932],[35.33340779961953,-0.793111604311988]],[[35.3443024024024,-0.914965165165163],[35.34432486865148,-0.9146394045534242],[35.3442,-0.9149],[35.3443024024024,-0.914965165165163]],[[35.35,-0.9624],[35.3512,-0.9608],[35.35112608695652,-0.9607108695652175],[35.35,-0.9624]],[[35.2555,-0.6489],[35.2472,-0.6451],[35.257442156862744,-0.65063406862745],[35.2555,-0.6489]],[[35.2611,-0.6539],[35.26020076923077,-0.6530971153846165],[35.264,-0.6613],[35.2611,-0.6539]],[[35.259,-0.6751],[35.2593,-0.6748],[35.265,-0.6716],[35.26256685393258,-0.6711934456928803],[35.259,-0.6751]],[[35.264657534246574,-0.669956164383562],[35.264,-0.67],[35.265,-0.6716],[35.264657534246574,-0.669956164383562]],[[35.2583,-0.6781],[35.258336400404445,-0.6779798786653193],[35.2553,-0.6789],[35.2583,-0.6781]],[[35.26774769736842,-0.667634210526318],[35.2681,-0.6678],[35.2667,-0.6657],[35.26774769736842,-0.667634210526318]],[[35.3124,-0.6473],[35.3104,-0.648],[35.31539983333333,-0.6487633333333324],[35.3124,-0.6473]]]}},{"type":"Feature","properties":{"NAME_1":"Bungoma","name":"Bungoma"},"geometry":{"type":"Polygon","coordinates":[[[34.6271,0.4687],[34.6168,0.4486],[34.5918,0.4508],[34.5889,0.4252],[34.5799,0.4597],[34.5508,0.4751],[34.5313,0.4481],[34.4954,0.4634],[34.4842,0.489],[34.4392,0.468],[34.4171,0.4803],[34.3922,0.4724],[34.3859,0.4989],[34.4084,0.5111],[34.3682,0.5657],[34.3831,0.6467],[34.4197,0.665],[34.4043,0.7307],[34.4346,0.7408],[34.4222,0.7629],[34.3635,0.7802],[34.414,0.8116],[34.4055,0.8287],[34.4461,0.8635],[34.4505,0.9004],[34.4791,0.9376],[34.5025,1.0706],[34.5265,1.1071],[34.5744,1.1023],[34.5818,1.1512],[34.6161,1.1091],[34.6616,1.0876],[34.6508,1.0606],[34.7372,0.9465],[34.7992,0.917],[34.7866,0.8953],[34.809075326794634,0.8113159990578883],[34.9657,0.8838],[35.0738,0.9047],[35.1006,0.8796],[35.1138,0.8878],[35.125,0.8235],[35.1448,0.832],[35.1441,0.745],[35.1555,0.7453],[35.1543,0.666],[35.0863,0.6343],[35.0393,0.6453],[35.027,0.6184],[35.0,0.6432],[34.9185,0.5966],[34.83791180811808,0.6549062730627312],[34.7993,0.6038],[34.8101,0.5921],[34.7645,0.5693],[34.7276,0.5174],[34.7013,0.5125],[34.6571,0.4596],[34.6271,0.4687]],[[34.4511,0.8079],[34.4468,0.8181],[34.446583521626856,0.8180129841833432],[34.4511,0.8079]],[[34.52518484848485,0.8002818181818157],[34.5242,0.7996],[34.52406150907354,0.7992561604584519],[34.52518484848485,0.8002818181818157]],[[34.535,0.8018],[34.5268,0.8014],[34.526687743732595,0.8013222841225628],[34.535,0.8018]],[[34.57046923076923,0.8026923076923086],[34.5698,0.8032],[34.569633526011565,0.8030265895953761],[34.57046923076923,0.8026923076923086]],[[34.57458803418803,0.7953059829059975],[34.5727,0.801],[34.57197103825137,0.8015530054644789],[34.57458803418803,0.7953059829059975]],[[34.574,0.7854],[34.57441016949152,0.7849898305084754],[34.57452324324324,0.7915481081080395],[34.574,0.7854]],[[34.5774,0.782],[34.57796457564576,0.7820752767527678],[34.576125,0.7832750000000016],[34.5774,0.782]],[[34.5804,0.7824],[34.58001171875,0.783490885416663],[34.57942068965517,0.7822694252873568],[34.5804,0.7824]],[[34.6452,0.798],[34.6432791038858,0.8008222442505973],[34.6371,0.8074],[34.6452,0.798]],[[34.65200751879699,0.7957308270676678],[34.652,0.7958],[34.6452,0.798],[34.65200751879699,0.7957308270676678]],[[34.662734615384615,0.7495346153846154],[34.6628,0.7496],[34.6611,0.7504],[34.662734615384615,0.7495346153846154]],[[34.6595,0.7386],[34.66069382022472,0.7377573033707863],[34.659914230019496,0.7399401559454193],[34.6595,0.7386]],[[34.6596,0.734],[34.661,0.7369],[34.6609847715736,0.7369426395939098],[34.6596,0.734]],[[34.65642787996128,0.7329095837366905],[34.6609,0.7291],[34.65802835443038,0.7334597468354445],[34.65642787996128,0.7329095837366905]],[[34.7313,0.723],[34.7423,0.722],[34.73093157894736,0.7232631578947376],[34.7313,0.723]],[[34.753640727027935,0.7223717603500668],[34.7538,0.7236],[34.75309090909091,0.7286030303030274],[34.753640727027935,0.7223717603500668]],[[34.74751806020067,0.5981250836120403],[34.7477,0.5982],[34.7547,0.6081],[34.74751806020067,0.5981250836120403]],[[34.724,0.5853],[34.7193,0.5827],[34.7268,0.585],[34.724,0.5853]],[[34.74091180904522,0.5689424623115578],[34.7345,0.5689],[34.73390938359934,0.5685605118326913],[34.74091180904522,0.5689424623115578]],[[34.7508,0.5526],[34.7496,0.569],[34.749335870464485,0.568998250797778],[34.7508,0.5526]],[[34.6659,0.4965],[34.6665,0.4935],[34.6665,0.4972125],[34.6659,0.4965]],[[34.6428,0.4728],[34.64296279069767,0.4733860465116314],[34.64246814814815,0.4728207407407409],[34.6428,0.4728]],[[34.4225,0.6703],[34.422353594771245,0.670022875816994],[34.42261743119266,0.6702339449541287],[34.4225,0.6703]],[[34.4224,0.6743],[34.42288988549618,0.6728879770992419],[34.42301852181656,0.6751605520926037],[34.4224,0.6743]],[[34.4249,0.6792],[34.42476525998493,0.6780547098718938],[34.42643903797468,0.6795168607594935],[34.4249,0.6792]],[[34.4282,0.6819],[34.42824047356828,0.681090528634359],[34.4318,0.6842],[34.4282,0.6819]],[[34.46908112798265,0.6809945770065079],[34.464720879120875,0.6826296703296721],[34.4685,0.6805],[34.46908112798265,0.6809945770065079]],[[34.48049704142012,0.6956751479289939],[34.4779,0.6952],[34.47776105263158,0.695014736842105],[34.48049704142012,0.6956751479289939]],[[34.497703647733196,0.6900429911412193],[34.4914,0.6943],[34.4959,0.6906],[34.497703647733196,0.6900429911412193]],[[34.504271830985914,0.6885523943661972],[34.501621739130435,0.6888329923273658],[34.5027,0.6885],[34.504271830985914,0.6885523943661972]],[[34.50917047031612,0.6821206630686124],[34.508,0.6844],[34.5027,0.6885],[34.50917047031612,0.6821206630686124]],[[34.5222,0.6978],[34.50834228237015,0.6886880760790051],[34.5087,0.6887],[34.5222,0.6978]],[[34.540216845878135,0.7057072987943955],[34.529,0.7058],[34.5395,0.7053],[34.540216845878135,0.7057072987943955]],[[34.544047311411994,0.7078753965183752],[34.54390946322068,0.7077736514247841],[34.549,0.6936],[34.544047311411994,0.7078753965183752]],[[34.5578,0.6817],[34.5594,0.6879],[34.557732842686285,0.6816236430542724],[34.5578,0.6817]],[[34.5505,0.6734],[34.550576240208876,0.6734866840731075],[34.55019078014184,0.6733517730496451],[34.5505,0.6734]],[[34.531476923076916,0.6645769230769156],[34.53402857142859,0.6671285714285885],[34.5318,0.6653],[34.531476923076916,0.6645769230769156]],[[34.5303,0.6572],[34.529724277456644,0.6606543352601155],[34.5297,0.6606],[34.5303,0.6572]],[[34.6389,0.6124],[34.6173,0.6035],[34.610657901350926,0.6008072573044297],[34.6114,0.6003],[34.6389,0.6124]],[[34.67410041237114,0.6483457731958608],[34.6745,0.6471],[34.6791,0.6404],[34.67410041237114,0.6483457731958608]],[[34.6842,0.6015],[34.6812,0.6041],[34.68395342465753,0.6014383561643835],[34.6842,0.6015]],[[34.684,0.5585],[34.6823,0.5592],[34.684360189573454,0.5561587677725118],[34.684,0.5585]],[[34.6844,0.5559],[34.684372236503854,0.5560804627249358],[34.6817,0.5542],[34.6844,0.5559]],[[34.6798,0.5343],[34.67817183098592,0.5362154929577458],[34.6779,0.5354],[34.6798,0.5343]],[[34.5639,0.4907],[34.5667,0.4987],[34.56642893537141,0.4996415929203543],[34.5639,0.4907]],[[34.5256,0.5151],[34.51140577668193,0.5211548784783361],[34.5114,0.5211],[34.5256,0.5151]],[[34.50062772877619,0.6660839029768456],[34.50074638157895,0.666626315789476],[34.5004,0.6662],[34.50062772877619,0.6660839029768456]],[[34.508995744680846,0.679795744680846],[34.5099,0.6807],[34.509651155624034,0.6811845916795103],[34.508995744680846,0.679795744680846]],[[34.673517777777775,0.650162222222237],[34.6737,0.659],[34.6728,0.6524],[34.673517777777775,0.650162222222237]],[[34.6277,0.7085],[34.62606722288439,0.7149451728247846],[34.6257,0.7139],[34.6277,0.7085]],[[34.626627439024396,0.7165396341463448],[34.6327,0.7205],[34.627,0.7176],[34.626627439024396,0.7165396341463448]],[[34.646371028037386,0.7423934579439203],[34.6463,0.7425],[34.6327,0.7205],[34.646371028037386,0.7423934579439203]],[[34.652,0.7395],[34.6555,0.7337],[34.656348571428566,0.7329771428571522],[34.652,0.7395]],[[34.5507,0.7131],[34.55052222222222,0.7139444444444444],[34.54977272727273,0.7124454545454566],[34.5507,0.7131]],[[34.57336560420315,0.7766955166374738],[34.572,0.7749],[34.5664,0.7631],[34.57336560420315,0.7766955166374738]],[[34.7888,0.8506],[34.7929,0.8536],[34.788715789473684,0.8508105263157889],[34.7888,0.8506]],[[34.7412,0.8337],[34.74114003868472,0.8339218568665374],[34.735,0.8368],[34.7412,0.8337]],[[34.66,0.8146],[34.66001762711864,0.8148467796610172],[34.659650145208126,0.814864278799613],[34.66,0.8146]],[[34.64459756097561,0.8237585365853686],[34.64560377507503,0.8246569420312766],[34.645,0.8251],[34.64459756097561,0.8237585365853686]],[[34.64172980524979,0.814062066045724],[34.64179504950495,0.8144168316831695],[34.6417,0.8141],[34.64172980524979,0.814062066045724]],[[34.6453,0.8065],[34.64494504692388,0.8096058394160469],[34.64333182819384,0.8009703744493593],[34.6453,0.8065]],[[34.7655,0.7483],[34.764675000000004,0.746928571428574],[34.76673776223777,0.749286013986015],[34.7655,0.7483]],[[34.79526173285198,0.7649722021660655],[34.7895,0.7643],[34.7952,0.7648],[34.79526173285198,0.7649722021660655]],[[34.8193,0.7667],[34.818312089447936,0.767835359888192],[34.82118177710843,0.7520042168674714],[34.8193,0.7667]],[[34.8214,0.7503],[34.82137287405813,0.7505118406889129],[34.82073333333333,0.7484333333333321],[34.8214,0.7503]],[[34.8177,0.7319],[34.81669391304348,0.7353052173913054],[34.8166,0.735],[34.8177,0.7319]],[[34.8358,0.6736],[34.8282,0.6788],[34.8306,0.6763],[34.8358,0.6736]],[[34.84464322580645,0.6724825806451584],[34.8434,0.6713],[34.843035043889266,0.6701733963538204],[34.84464322580645,0.6724825806451584]],[[34.8475,0.6752],[34.84640607375271,0.6741594360086761],[34.851014285714285,0.6752],[34.8475,0.6752]],[[34.8581,0.6791],[34.85148553888131,0.6753064120054575],[34.8519,0.6754],[34.8581,0.6791]],[[34.8623,0.6892],[34.8578,0.6857],[34.86253054755043,0.6892720461095094],[34.8623,0.6892]],[[34.8639,0.6897],[34.86278390243902,0.6893512195121947],[34.867,0.6869],[34.8639,0.6897]],[[34.88646320754718,0.6914518867924605],[34.8806401459854,0.6882686131386861],[34.8817,0.6881],[34.88646320754718,0.6914518867924605]],[[34.9127,0.6969],[34.90974790123457,0.691094205761317],[34.9099,0.6911],[34.9127,0.6969]],[[34.9288370527058,0.7145360655737706],[34.9263,0.7064],[34.9294,0.7129],[34.9288370527058,0.7145360655737706]],[[34.9262,0.7222],[34.922,0.7275],[34.92744931506849,0.7185691780821887],[34.9262,0.7222]],[[34.9295,0.7465],[34.9289736196319,0.7455110429447761],[34.92977272727273,0.7463545454545437],[34.9295,0.7465]],[[34.9357,0.747],[34.934,0.7441],[34.93601543624161,0.7470315436241612],[34.9357,0.747]],[[34.9377,0.7472],[34.936518791946305,0.747081879194631],[34.94,0.7447],[34.9377,0.7472]],[[35.06312703741671,0.7664715786776007],[35.06230395580898,0.7666295438346408],[35.0617,0.7643],[35.06312703741671,0.7664715786776007]],[[35.0544,0.7531],[35.057661746987954,0.7615421686746983],[35.0576,0.7615],[35.0544,0.7531]],[[34.838006832298134,0.6557614906832269],[34.8384,0.6593],[34.8371,0.6622],[34.838006832298134,0.6557614906832269]],[[35.06612016460906,0.7710263374485765],[35.0663,0.7713],[35.06627000928505,0.7713335190343524],[35.06612016460906,0.7710263374485765]],[[35.063318970448044,0.8013018112488066],[35.0632,0.8018],[35.0564,0.8064],[35.063318970448044,0.8013018112488066]],[[35.031,0.8266],[35.0274,0.8339],[35.02539830508475,0.8351318122555376],[35.031,0.8266]],[[35.0248,0.8360430769230831],[35.0248,0.8384499999999769],[35.0245,0.8365],[35.0248,0.8360430769230831]],[[35.025195270270274,0.8410192567567621],[35.0278,0.8451],[35.0253,0.8417],[35.025195270270274,0.8410192567567621]],[[35.014,0.8647],[35.01296321839081,0.8673390804597703],[35.0129,0.8672],[35.014,0.8647]],[[35.0151,0.8774],[35.0172,0.8797],[35.0172,0.882020000000007],[35.0151,0.8774]],[[34.8126,0.7744],[34.80874761171031,0.777253620955325],[34.815427803099375,0.7711501367365395],[34.8126,0.7744]],[[34.804364469026545,0.7812583628318592],[34.801243352601155,0.8010254335260141],[34.8041,0.7815],[34.804364469026545,0.7812583628318592]]]}},{"type":"Feature","properties":{"NAME_1":"Busia","name":"Busia"},"geometry":{"type":"Polygon","coordinates":[[[34.0073,-0.0222],[33.9499,-0.0225],[33.9096,0.1024],[34.0421,0.2783],[34.0562,0.3238],[34.0989,0.3498],[34.1073,0.3886],[34.0882,0.4567],[34.1195,0.4834],[34.116,0.5231],[34.1376,0.5857],[34.1857,0.6068],[34.1996,0.6287],[34.2768,0.643],[34.2778,0.6816],[34.3135,0.7013],[34.2988,0.7617],[34.3635,0.7802],[34.423,0.7625],[34.4316,0.7306],[34.4043,0.7307],[34.4172,0.664],[34.3857,0.6495],[34.3754,0.6114],[34.3642,0.6127],[34.3768,0.5831],[34.368,0.5661],[34.4085,0.5094],[34.3865,0.5001],[34.3897,0.4658],[34.3431,0.429],[34.4225,0.3759],[34.3858,0.3565],[34.3676,0.3069],[34.2513,0.3176],[34.2361,0.2963],[34.205,0.2902],[34.2032,0.265],[34.1594,0.3051],[34.1165,0.2464],[34.1118,0.1412],[34.0719,0.1244],[34.0421,0.0043],[34.0073,-0.0222]],[[34.0892,0.1454],[34.08610697674418,0.14964186046512393],[34.0951,0.1367],[34.0892,0.1454]],[[34.14984850676621,0.477080751283248],[34.1498,0.4771],[34.1457,0.4656],[34.14984850676621,0.477080751283248]],[[34.1843,0.4676],[34.18460741471666,0.4678256554835071],[34.1755,0.4683],[34.1843,0.4676]],[[34.1977,0.4726],[34.198168958742635,0.47275127701375347],[34.1937,0.4745],[34.1977,0.4726]],[[34.2039,0.4746],[34.20418488372093,0.47494186046511516],[34.19990263157898,0.47331052631579956],[34.2039,0.4746]],[[34.2104,0.4824],[34.21062062463171,0.4828205657041922],[34.208728571428566,0.4803942857142837],[34.2104,0.4824]],[[34.2196,0.4442],[34.2285,0.4157],[34.21970727623954,0.44590109465549654],[34.2196,0.4442]],[[34.2346,0.4181],[34.234907692307694,0.4189],[34.2317,0.4189],[34.2346,0.4181]],[[34.23558823529412,0.42066941176470496],[34.2354,0.4205],[34.23545517241379,0.42032344827586265],[34.23558823529412,0.42066941176470496]],[[34.237947332924584,0.4218358062538321],[34.2374,0.4223],[34.23564806201551,0.4207232558139543],[34.237947332924584,0.4218358062538321]],[[34.2505,0.3916],[34.26727745664739,0.40032427745664506],[34.2618,0.3983],[34.2505,0.3916]],[[34.2822,0.4045],[34.2802,0.4051],[34.27360977353993,0.40266448152562634],[34.2822,0.4045]],[[34.3025,0.4074],[34.2899,0.409],[34.2896750070922,0.40886851063829766],[34.3025,0.4074]],[[34.304588571428575,0.41522628571428644],[34.3042,0.4151],[34.30409787985866,0.4146374558303872],[34.304588571428575,0.41522628571428644]],[[34.34593946069122,0.42639813900494034],[34.3452,0.4271],[34.337868828980625,0.42987038753159335],[34.34593946069122,0.42639813900494034]],[[34.11064328358209,0.363914925373134],[34.1094,0.3645],[34.1103,0.3634],[34.11064328358209,0.363914925373134]],[[34.1173,0.3681],[34.1119,0.3658],[34.11734236265481,0.3680758971101929],[34.1173,0.3681]],[[34.1764,0.3203],[34.1739,0.3183],[34.17692348993289,0.32007852348993254],[34.1764,0.3203]],[[34.179,0.3192],[34.17790482315113,0.31966334405144653],[34.17891437908497,0.3186006535947717],[34.179,0.3192]],[[34.1787,0.3171],[34.17879975490196,0.3177982843137234],[34.1721,0.3094],[34.1787,0.3171]],[[34.2443,0.386],[34.24685950920246,0.39075337423312917],[34.2462,0.3906],[34.2443,0.386]],[[34.2212,0.6306],[34.22102524271845,0.6305728155339797],[34.2236,0.6278],[34.2212,0.6306]],[[34.2344,0.6244],[34.232747789473684,0.6248589473684213],[34.2328,0.6248],[34.2344,0.6244]],[[34.30084706253949,0.6019246367656308],[34.2938,0.6124],[34.3,0.6025],[34.30084706253949,0.6019246367656308]],[[34.3234,0.5893],[34.30332298923369,0.6002428752374943],[34.3053,0.5989],[34.3234,0.5893]],[[34.33184435023894,0.5876829967627559],[34.32878482106129,0.5898867955573828],[34.3234,0.5893],[34.33184435023894,0.5876829967627559]],[[34.3151,0.6001],[34.315383446153845,0.5998997880341883],[34.3207,0.619],[34.3151,0.6001]],[[34.275960553846154,0.4926107692307691],[34.2759,0.4925],[34.27635217391304,0.4913869565217534],[34.275960553846154,0.4926107692307691]],[[34.28069349023536,0.4884121682523789],[34.276816033755274,0.49024514767932365],[34.2772,0.4893],[34.28069349023536,0.4884121682523789]],[[34.285313963480135,0.4889338345864668],[34.2859,0.489],[34.286588172043004,0.4894387096774158],[34.285313963480135,0.4889338345864668]],[[34.28796451612904,0.49031612903226135],[34.2939,0.4941],[34.2902,0.4928],[34.28796451612904,0.49031612903226135]],[[34.306096088264795,0.508644082246738],[34.3068,0.5093],[34.308914917127055,0.5150279005524482],[34.306096088264795,0.508644082246738]],[[34.309297154811716,0.515893556485361],[34.30930997963339,0.5159059063136409],[34.3093,0.5159],[34.309297154811716,0.515893556485361]],[[34.31990982035928,0.5221792814371256],[34.3261,0.5251],[34.32795441914318,0.5269403705133151],[34.31990982035928,0.5221792814371256]],[[34.3423,0.5665],[34.3459,0.5811],[34.34568071748878,0.581085381165919],[34.3423,0.5665]]]}},{"type":"Feature","properties":{"NAME_1":"Elgeyo-Marakwet","name":"Elgeyo-Marakwet"},"geometry":{"type":"MultiPolygon","coordinates":[[[[35.537,0.2267],[35.5281,0.235],[35.5049,0.2296],[35.4855,0.255],[35.5042,0.2988],[35.4949,0.3178],[35.5137,0.3273],[35.4684,0.3745],[35.4881,0.3853],[35.4613,0.4601],[35.4813,0.5949],[35.4092,0.7084],[35.505,0.7078],[35.4909,0.7554],[35.5074,0.771],[35.4993,0.8254],[35.4812,0.8274],[35.4885,0.882],[35.4562,0.8823],[35.4689,0.906],[35.4151,0.9135],[35.4206,0.9435],[35.3438,0.953],[35.3423,1.0097],[35.362,1.0247],[35.2421,1.0792],[35.1517,1.2045],[35.3336,1.1277],[35.3524,1.0881],[35.3428,1.0656],[35.3831,1.0542],[35.3885,1.0231],[35.3662,1.0104],[35.4308,0.9852],[35.4358,1.0119],[35.4738,1.0057],[35.474,1.0318],[35.4492,1.0613],[35.4474,1.1273],[35.4736,1.1348],[35.4608,1.1647],[35.4214,1.1765],[35.4232,1.1927],[35.5443,1.2911],[35.6065,1.2832],[35.6969,1.3241],[35.7098,1.1541],[35.6717,1.0459],[35.633,0.9982],[35.637,0.9223],[35.623,0.8731],[35.6425,0.8226],[35.62,0.7429],[35.6363,0.7055],[35.6052,0.6785],[35.5958,0.6168],[35.614,0.5843],[35.6021,0.5385],[35.648,0.4661],[35.6601,0.3918],[35.7227,0.3556],[35.7081,0.2644],[35.7224,0.2173],[35.6953,0.1827],[35.5881,0.1745],[35.5679,0.203],[35.5127,0.1932],[35.537,0.2267]],[[35.5372,0.8737],[35.5307,0.8715],[35.530577986297295,0.8712750372356296],[35.5372,0.8737]],[[35.488,0.5268],[35.5056,0.5297],[35.5096,0.5312],[35.488,0.5268]],[[35.4677916739702,1.0008331288343557],[35.4678,1.0006],[35.4757,1.0022],[35.4677916739702,1.0008331288343557]],[[35.493944988696306,0.9994564431047471],[35.49432466960353,0.9989682819383197],[35.4941,0.9995],[35.493944988696306,0.9994564431047471]],[[35.5773,1.0233],[35.5909,1.0214],[35.59174803333333,1.0214576333333334],[35.5773,1.0233]],[[35.6088,1.0256],[35.6235,1.024],[35.629669014084506,1.0240822535211267],[35.6088,1.0256]],[[35.6731,1.074],[35.6723,1.0742],[35.6723,1.073],[35.6731,1.074]]],[[[35.4685,1.0084],[35.4669,1.0077],[35.4688,1.0093],[35.4685,1.0084]]],[[[35.4684,1.0177],[35.4605,1.0122],[35.4616,1.0196],[35.4684,1.0177]]]]}},{"type":"Feature","properties":{"NAME_1":"Embu","name":"Embu"},"geometry":{"type":"Polygon","coordinates":[[[37.6658,-0.8419],[37.6292,-0.8385],[37.5872,-0.8782],[37.5459,-0.8823],[37.5187,-0.9161],[37.515,-0.902],[37.4766,-0.891],[37.4741,-0.8741],[37.4132,-0.8598],[37.4125,-0.8484],[37.3273,-0.8417],[37.2881,-0.783],[37.2674,-0.7852],[37.2764,-0.7537],[37.3155,-0.7483],[37.3481,-0.7722],[37.4444,-0.7306],[37.4964,-0.7298],[37.4739,-0.6787],[37.4853,-0.5818],[37.4271,-0.5095],[37.4251,-0.4171],[37.3081,-0.146],[37.474,-0.3415],[37.3082,-0.1459],[37.6059,-0.2703],[37.6343,-0.2573],[37.8007,-0.2844],[37.8175,-0.312],[37.7701,-0.2849],[37.7175,-0.2973],[37.6887,-0.2831],[37.6125,-0.2831],[37.3172434264344,-0.15361560294115265],[37.5535,-0.3572],[37.6307,-0.3897],[37.6933,-0.4384],[37.7849,-0.4472],[37.8659,-0.3825],[37.8863,-0.343],[37.8901,-0.3934],[37.9359,-0.4281],[37.8825,-0.5349],[37.8835,-0.5827],[37.9228,-0.6247],[37.8935,-0.6452],[37.8996,-0.7089],[37.9116,-0.7075],[37.9159,-0.7287],[37.8795,-0.7921],[37.8842,-0.8072],[37.8084,-0.8152],[37.8056,-0.8017],[37.788,-0.8227],[37.7573,-0.8238],[37.7322,-0.7745],[37.6819,-0.7953],[37.6658,-0.8419]],[[37.5151,-0.5651],[37.5109,-0.566],[37.510571875,-0.5662812500000004],[37.5151,-0.5651]],[[37.5432,-0.5479],[37.54246785137318,-0.5461361873990411],[37.54290849056604,-0.5489688679245203],[37.5432,-0.5479]],[[37.544364436619716,-0.5406330985915495],[37.5417,-0.5412],[37.54184127232842,-0.5421081792541512],[37.544364436619716,-0.5406330985915495]],[[37.5475,-0.5388],[37.54788793650794,-0.5381584126984056],[37.54736119945479,-0.5388811449341215],[37.5475,-0.5388]],[[37.557,-0.5345],[37.5507,-0.5343],[37.55055423728813,-0.5345],[37.557,-0.5345]],[[37.5628,-0.5313],[37.56317086092715,-0.5297423841059601],[37.56167222222222,-0.5319222222222241],[37.5628,-0.5313]],[[37.591,-0.5203],[37.59999817605075,-0.5160860428231508],[37.5989,-0.5127],[37.591,-0.5203]],[[37.6047,-0.5205],[37.60532597938144,-0.5204546391752579],[37.60144038876892,-0.5174399568034728],[37.6047,-0.5205]],[[37.6188,-0.5221],[37.62000994475138,-0.5218580110497241],[37.6116,-0.52],[37.6188,-0.5221]],[[37.6203,-0.5218],[37.622063563829784,-0.5176231382978723],[37.6213,-0.5176],[37.6203,-0.5218]],[[37.62475144032922,-0.5180407407407404],[37.6246,-0.5177],[37.62345864661654,-0.5176654135338347],[37.62475144032922,-0.5180407407407404]],[[37.689245434187605,-0.49708245832296927],[37.6882,-0.4976],[37.6841,-0.5031],[37.689245434187605,-0.49708245832296927]],[[37.56786936936937,-0.6231279279279276],[37.5689,-0.6176],[37.5676,-0.6229],[37.56786936936937,-0.6231279279279276]],[[37.569021428571425,-0.6237571428571431],[37.568477707006366,-0.623642675159236],[37.5689,-0.624],[37.569021428571425,-0.6237571428571431]],[[37.6658,-0.6391],[37.6648,-0.6409],[37.66605517241379,-0.6393551724137945],[37.6658,-0.6391]],[[37.6676,-0.6409],[37.66614237288136,-0.6394423728813592],[37.66706749226006,-0.6425507739938116],[37.6676,-0.6409]],[[37.6686,-0.6477],[37.6683,-0.6444],[37.66756649096386,-0.6442274096385533],[37.6686,-0.6477]],[[37.7022,-0.6592],[37.7016,-0.6625],[37.70444941329857,-0.6566173402868295],[37.7022,-0.6592]],[[37.7049,-0.6561],[37.70481290322581,-0.6561999999999998],[37.7082,-0.6592],[37.7049,-0.6561]],[[37.713,-0.6565],[37.7114,-0.6592],[37.71334969325154,-0.6566932515337431],[37.713,-0.6565]],[[37.7191,-0.6574],[37.7168,-0.6586],[37.719151304347825,-0.6576052173913053],[37.7191,-0.6574]],[[37.7211,-0.6585],[37.71976071428571,-0.6593035714285717],[37.7198,-0.6595],[37.7211,-0.6585]],[[37.73257768052516,-0.6646600109409178],[37.7275,-0.663],[37.7326,-0.6647],[37.73257768052516,-0.6646600109409178]],[[37.7692,-0.637],[37.76918275862069,-0.6371034482758582],[37.7719,-0.6405],[37.7692,-0.637]],[[37.78704941675504,-0.6431251855779423],[37.7832,-0.6361],[37.7865,-0.6433],[37.78704941675504,-0.6431251855779423]],[[37.78870723514212,-0.6424480620155034],[37.788229770992366,-0.6427496183206107],[37.7887,-0.6426],[37.78870723514212,-0.6424480620155034]],[[37.7944,-0.63],[37.793,-0.6264],[37.794267500000004,-0.630105000000002],[37.7944,-0.63]],[[37.8001,-0.6216],[37.800067203339296,-0.6215986881335718],[37.8023,-0.6282],[37.8001,-0.6216]],[[37.8108,-0.6393],[37.816773832790474,-0.645435287730762],[37.8023,-0.6282],[37.8108,-0.6393]],[[37.8327,-0.6567],[37.817846887966795,-0.6465373443983298],[37.8182,-0.6469],[37.8327,-0.6567]],[[37.547,-0.4719],[37.5478,-0.4726],[37.54756061269147,-0.47056520787745376],[37.547,-0.4719]],[[37.550207954545456,-0.4768090909090964],[37.54962669039146,-0.4757149466192164],[37.5495,-0.476],[37.550207954545456,-0.4768090909090964]],[[37.5466,-0.4821],[37.551,-0.4783],[37.55072526856609,-0.47778285847734475],[37.5466,-0.4821]],[[37.5531,-0.4878],[37.548736727272725,-0.48410799999999915],[37.5488,-0.4855],[37.5531,-0.4878]],[[37.557785405405404,-0.5002567567567565],[37.5575,-0.4955],[37.5576,-0.5002],[37.557785405405404,-0.5002567567567565]],[[37.56258082319925,-0.5016708138447148],[37.5617,-0.5014551020408169],[37.5625,-0.5017],[37.56258082319925,-0.5016708138447148]],[[37.5663,-0.5004],[37.56620230664858,-0.500435278154681],[37.569,-0.5014],[37.5663,-0.5004]]]}},{"type":"Feature","properties":{"NAME_1":"Garissa","name":"Garissa"},"geometry":{"type":"Polygon","coordinates":[[[40.0939,-1.4902],[40.0497,-1.316],[40.0567,-1.2486],[39.9343,-1.0025],[39.9377,-0.9652],[39.9039,-0.8962],[39.9009,-0.8333],[39.8627,-0.7605],[39.8561,-0.6887],[39.8156,-0.5855],[39.758,-0.5473],[39.7263,-0.5449],[39.6927,-0.4931],[39.6325,-0.4923],[39.6263,-0.3192],[39.5867,-0.2733],[39.4477,-0.1496],[39.4075,-0.1442],[39.3295,-0.0906],[39.1587,-0.0796],[39.0807,-0.0044],[38.9643,-0.013],[38.9369,-0.0438],[38.8837,-0.0513],[38.7493,-0.0281],[38.7379,0.0039],[38.7301,0.1185],[38.7573,0.1841],[38.7131,0.3559],[38.7233,0.3661],[38.7111,0.3663],[38.6769,0.4955],[38.6577,0.5091],[38.7035,0.5079],[38.7231,0.5261],[38.7651,0.5133],[38.8567,0.5989],[38.9107,0.5997],[38.9403,0.6285],[39.0103,0.6253],[39.0519,0.6855],[39.0839,0.6769],[39.1423,0.6913],[39.1809,0.7231],[39.1805,0.7519],[39.2371,0.8443],[39.3137,0.9249],[39.4621,0.9949],[39.4931,0.9605],[39.5641,0.7557],[39.7317,0.5267],[39.8009,0.4845],[39.9035,0.4635],[39.9791,0.4103],[40.059,0.3931],[40.1766,0.3159],[40.2382,0.2536],[40.3394,0.1987],[40.4753,0.1863],[40.5077,0.1941],[40.5349,0.227],[40.5855,0.2153],[40.6465,0.2313],[40.6813,0.2571],[40.7171,0.3206],[40.7713,0.3532],[40.8581,0.3759],[40.9887,0.4621],[41.0049,-0.8244],[41.5774,-1.5848],[41.5754,-1.6426],[41.5624,-1.658],[40.8925,-1.7165],[40.2129,-2.0397],[40.1867,-1.9608],[40.1879,-1.8608],[40.1631,-1.8183],[40.1707,-1.7212],[40.1575,-1.6198],[40.1141,-1.5458],[40.1052,-1.5046],[40.1157,-1.5025],[40.0939,-1.4902]],[[40.1183,-1.5035],[40.11934255319149,-1.5034106382978725],[40.1157,-1.5025],[40.1183,-1.5035]],[[39.8136,-0.2629],[39.8652,-0.2057],[39.8134364325607,-0.26308030814435784],[39.8136,-0.2629]],[[39.8349,-0.3031],[39.8621,-0.3538],[39.8136,-0.2629],[39.8349,-0.3031]],[[39.86531372007367,-0.36306307550646955],[39.8652,-0.3624],[39.8621,-0.3538],[39.86531372007367,-0.36306307550646955]],[[40.02424157435163,-0.03646846083669636],[40.0242,-0.0365],[39.9994,-0.0815],[40.02424157435163,-0.03646846083669636]],[[40.03333296278397,-0.03170792653454974],[40.0271,-0.0343],[40.02549893143365,-0.03551460373998754],[40.03333296278397,-0.03170792653454974]],[[40.0561,-0.0233],[40.06347367694432,-0.01917344684767457],[40.04325533980582,-0.02758155339805986],[40.0561,-0.0233]],[[40.1233,-0.0223],[40.0687,-0.017],[40.06800102600852,-0.01729067908780505],[40.1233,-0.0223]],[[40.1775,-1.4774],[40.13227820790471,-1.502301867893882],[40.1323,-1.5023],[40.1775,-1.4774]],[[40.5885,-1.5067],[40.57911429322123,-1.5155544403573311],[40.5805,-1.5148],[40.5885,-1.5067]],[[40.637460486757355,-1.4732109520400718],[40.635399999999855,-1.4748250000001109],[40.6373,-1.4734],[40.637460486757355,-1.4732109520400718]],[[40.71543586184283,-1.3802222647283824],[40.710008536585356,-1.3847585365853725],[40.7151,-1.3815],[40.71543586184283,-1.3802222647283824]],[[39.478727061232085,0.008638172343197588],[39.461655615610844,0.010301383037914188],[39.4681,0.0093],[39.478727061232085,0.008638172343197588]],[[39.11186543209877,0.24645308641975322],[39.1075,0.2461],[39.1101,0.2461],[39.11186543209877,0.24645308641975322]],[[39.1347,0.2483],[39.1203656587473,0.24714060475161975],[39.1211,0.2467],[39.1347,0.2483]],[[39.3401,0.3731],[39.33660909090909,0.3727727272727273],[39.3465,0.3719],[39.3401,0.3731]],[[39.42182357723577,0.020427642276414856],[39.4255,0.0391],[39.4216,0.0232],[39.42182357723577,0.020427642276414856]],[[39.87534557522124,0.28922212389380525],[39.8756,0.2892],[39.8799,0.2993],[39.87534557522124,0.28922212389380525]]]}},{"type":"Feature","properties":{"NAME_1":"HomaBay","name":"HomaBay"},"geometry":{"type":"Polygon","coordinates":[[[34.3875,-0.817],[34.3821,-0.8422],[34.32,-0.8613],[34.2859,-0.8214],[34.2541,-0.8151],[34.1993,-0.7383],[34.1447,-0.7719],[34.0865,-0.7811],[34.0796,-0.8012],[33.9364,-0.8009],[33.9293,-0.5324],[33.9559,-0.3341],[34.24,-0.3341],[34.2689,-0.4084],[34.2982,-0.4244],[34.5304,-0.2666],[34.705,-0.2528],[34.7856,-0.3166],[34.786,-0.3371],[34.811,-0.3457],[34.8248,-0.3824],[34.8885,-0.3955],[34.9151,-0.3797],[34.9141,-0.3974],[34.95,-0.4103],[35.0178,-0.3913],[35.0197,-0.4065],[34.9403,-0.459],[34.851,-0.5062],[34.7681,-0.5283],[34.7485,-0.5535],[34.7122,-0.553],[34.6853,-0.5967],[34.6584,-0.5988],[34.6366,-0.657],[34.6083,-0.6453],[34.55427089715537,-0.6564851203501174],[34.5327,-0.7356],[34.4855,-0.7824],[34.4643,-0.8589],[34.3875,-0.817]],[[34.62856229508197,-0.478526229508197],[34.6283,-0.4781],[34.6253,-0.4782],[34.62856229508197,-0.478526229508197]],[[34.63050322580646,-0.47936774193550447],[34.6304,-0.4788],[34.63033900293255,-0.4788281524926699],[34.63050322580646,-0.47936774193550447]],[[34.6389,-0.484],[34.6372,-0.4819],[34.63707443286327,-0.48188234212139813],[34.6389,-0.484]],[[34.638405859375,-0.48824960937499956],[34.6386,-0.488],[34.6389,-0.484],[34.638405859375,-0.48824960937499956]],[[34.6388,-0.4809],[34.65,-0.4723],[34.6372,-0.4819],[34.6388,-0.4809]],[[34.291296015424166,-0.5322652956298201],[34.2782,-0.5317],[34.2845,-0.533],[34.291296015424166,-0.5322652956298201]],[[34.2921,-0.5323],[34.29192824663289,-0.5322925861855925],[34.2937,-0.5381],[34.2921,-0.5323]],[[34.4081,-0.5562],[34.4128,-0.5584],[34.40648498023715,-0.5542709486165974],[34.4081,-0.5562]],[[34.47724308231173,-0.6564372446001153],[34.4734,-0.6522],[34.4761,-0.656],[34.47724308231173,-0.6564372446001153]],[[34.5008,-0.6634],[34.49417154746424,-0.6629126137841352],[34.4944,-0.663],[34.5008,-0.6634]],[[34.5522,-0.6531],[34.5307,-0.6378],[34.55252147075633,-0.6536254810440061],[34.5522,-0.6531]],[[34.4102,-0.5387],[34.4178997316482,-0.5231031076869813],[34.4178,-0.5232],[34.4102,-0.5387]],[[34.501154761904765,-0.48695476190476245],[34.5034,-0.4933],[34.5013,-0.4871],[34.501154761904765,-0.48695476190476245]],[[34.6701,-0.4284],[34.67082119205298,-0.429252317880799],[34.6702,-0.4273],[34.6701,-0.4284]],[[34.747,-0.4065],[34.74701694490818,-0.40664040066777946],[34.74767003610108,-0.40434332129966394],[34.747,-0.4065]],[[34.7502,-0.3962],[34.750101714870745,-0.39651635525979034],[34.7536,-0.3968],[34.7502,-0.3962]],[[34.66948571428571,-0.42615714285714024],[34.669475,-0.426124999999999],[34.6694,-0.4261],[34.66948571428571,-0.42615714285714024]],[[34.67,-0.4263],[34.67005714285714,-0.4266999999999858],[34.6702,-0.4272],[34.67,-0.4263]],[[34.6689,-0.4255],[34.6694,-0.4259],[34.6693,-0.4258],[34.6689,-0.4255]],[[34.66887857142857,-0.4254357142857144],[34.6687,-0.4254],[34.6689,-0.4255],[34.66887857142857,-0.4254357142857144]],[[34.669216666666664,-0.42553333333333015],[34.6692,-0.4255],[34.66916666666667,-0.42549333333333395],[34.669216666666664,-0.42553333333333015]]]}},{"type":"Feature","properties":{"NAME_1":"Isiolo","name":"Isiolo"},"geometry":{"type":"Polygon","coordinates":[[[39.4545,0.9891],[39.3137,0.9249],[39.2371,0.8443],[39.1805,0.7519],[39.1809,0.7231],[39.1423,0.6913],[39.0839,0.6769],[39.0519,0.6855],[39.0103,0.6253],[38.9403,0.6285],[38.9107,0.5997],[38.8567,0.5989],[38.7651,0.5133],[38.7231,0.5261],[38.7035,0.5079],[38.6577,0.5091],[38.6769,0.4955],[38.7573,0.1841],[38.7341,0.1469],[38.7287,0.0855],[38.7579,-0.0733],[38.6877,-0.0411],[38.6811,-0.0554],[38.6391,-0.0547],[38.5696,-0.0151],[38.5485,-0.0197],[38.5219,-0.062],[38.4929,-0.0595],[38.4605,-0.0858],[38.4107,-0.0637],[38.4011,-0.017],[38.3565,0.0203],[38.3491,0.0594],[38.3249,0.0745],[38.2963,0.1597],[38.1921,0.2345],[38.1957,0.3221],[38.1583,0.3695],[38.0631,0.6723],[38.0667,0.6575],[38.0625,0.6711],[37.9025,0.5921],[37.5867,0.4805],[37.5823,0.4115],[37.5983,0.4029],[37.6049,0.3539],[37.5817,0.3289],[37.5553,0.3289],[37.5362,0.2643],[37.4301,0.2981],[37.4009,0.2963],[37.3999,0.2849],[37.3795,0.2705],[37.3737,0.2721],[37.3956,0.3063],[37.3921,0.3588],[37.3533,0.4145],[37.3483,0.452],[37.3683,0.5143],[36.8645,0.5737],[36.9217,0.6621],[36.9338,0.7571],[36.9806,0.7496],[37.1016,0.7917],[37.1656,0.7475],[37.2189,0.7444],[37.2567,0.7686],[37.2997,0.726],[37.3655,0.5883],[37.3941,0.5739],[37.4711,0.5941],[37.5322,0.5707],[37.6331,0.602],[37.6395,0.6271],[37.6818,0.6474],[37.6922,0.6691],[37.7259,0.6595],[37.7501,0.6815],[37.8343,0.6844],[37.8783,0.7486],[37.9149,0.7178],[38.0135,0.8099],[38.0533,0.7833],[38.0799,0.7875],[38.0468,0.8095],[38.0327,1.0895],[37.9492,1.1982],[37.9464,1.2636],[38.3415,1.5787],[38.3847,1.7619],[38.9612,2.0998],[38.9847,2.0706],[38.9945,2.0067],[39.1433,1.8533],[39.2037,1.7161],[39.3073,1.6681],[39.3971,1.5643],[39.4483,1.5357],[39.2769,1.4733],[39.4593,1.0051],[39.4545,0.9891]],[[38.0845,0.7911],[38.08035641025641,0.7846774358974368],[38.0813,0.7843],[38.0845,0.7911]],[[38.1169,0.8163],[38.1069,0.8143],[38.10563381294964,0.8132599177800619],[38.1169,0.8163]],[[38.2893,0.8239],[38.30135301681503,0.8266473788328377],[38.2865,0.8239],[38.2893,0.8239]],[[38.3111,0.8265],[38.3038,0.8271],[38.30317027801662,0.8269835196331327],[38.3111,0.8265]],[[38.08015957446809,0.7843723404255443],[38.0785,0.7818],[38.07881369565217,0.7812319565217388],[38.08015957446809,0.7843723404255443]]]}},{"type":"Feature","properties":{"NAME_1":"Kajiado","name":"Kajiado"},"geometry":{"type":"Polygon","coordinates":[[[37.8663,-3.0792],[37.8543,-3.0801],[37.8475,-3.1838],[37.8105,-3.1682],[37.6904,-3.1751],[37.6726,-3.0677],[37.5489,-2.9775],[36.4981,-2.3879],[36.2513,-2.2659],[35.9962,-2.1027],[36.0001,-2.0819],[36.0267,-2.0821],[36.0213,-2.0251],[36.0433,-1.9044],[36.0258,-1.8893],[36.0514,-1.8652],[36.0431,-1.824],[36.016,-1.7978],[36.0485,-1.7253],[36.043,-1.7045],[36.0642,-1.6924],[36.0465,-1.6477],[36.0863,-1.5713],[36.0492,-1.4859],[36.3477,-1.1685],[36.3356,-1.0408],[36.537,-1.1488],[36.5136,-1.236],[36.4908,-1.264],[36.6597,-1.2965],[36.6658,-1.3078],[36.6892,-1.2769],[36.6747,-1.3048],[36.6658,-1.3118],[36.662169344933474,-1.3050743602865946],[36.6635,-1.3173],[36.6928,-1.3506],[36.7489,-1.3824],[36.8203,-1.3796],[36.8951,-1.4094],[36.8841,-1.4847],[36.9366,-1.4531],[36.9776,-1.4748],[36.9572,-1.5423],[37.1114,-1.733],[37.1479,-1.7382],[37.1604,-1.7794],[37.1418,-1.8382],[37.1624,-1.8567],[37.1531,-1.8862],[37.1867,-1.9332],[37.2363,-1.9353],[37.2806,-1.994],[37.3818,-2.0223],[37.4624,-2.0854],[37.5336,-2.1058],[37.5925,-2.1528],[37.6991,-2.1643],[37.7231,-2.1877],[37.6749,-2.228],[37.6699,-2.288],[37.5962,-2.312],[37.8497,-2.6039],[37.9011,-2.7015],[37.93,-2.721],[37.9375,-2.7708],[37.9179,-2.8684],[37.8945,-2.8857],[37.8663,-3.0792]],[[36.6747,-1.7409],[36.6698,-1.7631],[36.6573,-1.8257],[36.6747,-1.7409]],[[37.0056,-1.8877],[37.006153150242326,-1.8881494345718923],[37.0068,-1.8851],[37.0056,-1.8877]],[[37.0072,-1.889],[37.0093,-1.8884],[37.00646153846154,-1.8884],[37.0072,-1.889]],[[37.02124064748201,-1.8959672661870501],[37.0211,-1.8959],[37.0198,-1.8976],[37.02124064748201,-1.8959672661870501]],[[37.0283375,-1.896731944444443],[37.0281,-1.8966],[37.0275,-1.8985],[37.0283375,-1.896731944444443]],[[37.03154285714287,-1.8997428571428665],[37.0299,-1.8976],[37.028774999999996,-1.896974999999997],[37.03154285714287,-1.8997428571428665]],[[37.0312,-1.9044],[37.0322,-1.9006],[37.03207106347898,-1.9004318219290983],[37.0312,-1.9044]],[[37.03112896064581,-1.9168213925327953],[37.0318,-1.915],[37.0304,-1.9102],[37.03112896064581,-1.9168213925327953]],[[37.03157297179094,-1.9208544937677707],[37.0317,-1.9207],[37.031528343145496,-1.920449116904957],[37.03157297179094,-1.9208544937677707]],[[37.028,-1.925],[37.02808320449754,-1.9250988053408293],[37.02950508474577,-1.9233694915254103],[37.028,-1.925]],[[37.0312,-1.9288],[37.0293,-1.925],[37.02814910394265,-1.9251770609318997],[37.0312,-1.9288]],[[37.1914461116194,-2.1871564501372402],[37.191,-2.1864],[37.188456,-2.1855520000000017],[37.1914461116194,-2.1871564501372402]],[[37.34026325428504,-2.2391884949518612],[37.3396,-2.2378],[37.336805571030645,-2.236537604456829],[37.34026325428504,-2.2391884949518612]],[[37.5129,-2.4025],[37.51345097276265,-2.4024908171206225],[37.5087,-2.3985],[37.5129,-2.4025]],[[37.5255,-2.3992],[37.52571964882943,-2.398992224080268],[37.5227,-2.3987],[37.5255,-2.3992]],[[37.0546,-2.3984],[37.0486,-2.4331],[37.0695,-2.3201],[37.0546,-2.3984]],[[37.1002,-2.239],[37.10009723546234,-2.239293612964729],[37.109974169741506,-2.228487084871058],[37.1002,-2.239]],[[37.1174,-2.2205],[37.11722264746866,-2.2206907570831347],[37.1384,-2.2103],[37.1174,-2.2205]],[[37.155822613065325,-2.196515075376884],[37.1553,-2.1967],[37.1384,-2.2103],[37.155822613065325,-2.196515075376884]],[[36.7174,-1.43],[36.7177,-1.43],[36.71775090252708,-1.4299220216606492],[36.7174,-1.43]],[[36.7202,-1.4246],[36.718896840148695,-1.428166542750935],[36.7224,-1.4228],[36.7202,-1.4246]],[[36.7661,-1.4059],[36.765901236749116,-1.410471554770318],[36.7661,-1.4104],[36.7661,-1.4059]]]}},{"type":"Feature","properties":{"NAME_1":"Kakamega","name":"Kakamega"},"geometry":{"type":"Polygon","coordinates":[[[34.4917,0.1559],[34.4246,0.1563],[34.4413,0.1698],[34.4258,0.1896],[34.451389946737685,0.21131697736351476],[34.4433,0.2222],[34.3853,0.1832],[34.3836,0.2328],[34.3976,0.2378],[34.4009,0.2661],[34.3734,0.3124],[34.3858,0.3565],[34.4225,0.3756],[34.3447,0.4311],[34.4047,0.4804],[34.436,0.4677],[34.4822,0.4893],[34.4954,0.4634],[34.5313,0.4481],[34.5508,0.4751],[34.5772,0.4621],[34.58904497387027,0.4266996311097438],[34.5918,0.4508],[34.6164,0.4484],[34.6276,0.4688],[34.6437,0.4554],[34.6665,0.4654],[34.764,0.5689],[34.8101,0.5921],[34.7993,0.6041],[34.8415,0.6557],[34.8976,0.6055],[34.8521,0.5518],[34.9065,0.5104],[34.9566,0.42],[34.9553,0.3759],[34.9487,0.3583],[34.9371,0.3648],[34.9785,0.2459],[34.9565,0.2458],[34.9187,0.184],[34.8936,0.2126],[34.8466,0.1877],[34.8252,0.1919],[34.8075,0.1867],[34.8167,0.1584],[34.7968,0.1674],[34.7613,0.1434],[34.7377,0.154],[34.6873,0.1292],[34.6021,0.1256],[34.5538,0.0933],[34.544,0.1431],[34.5081,0.1216],[34.5002,0.1304],[34.494,0.1056],[34.474,0.1072],[34.4788,0.1198],[34.4562,0.1347],[34.4832,0.1428],[34.4917,0.1559]],[[34.588921671693235,0.41710478242137017],[34.5892,0.4172],[34.5881,0.4224],[34.588921671693235,0.41710478242137017]],[[34.5776,0.4059],[34.57933192771084,0.40175843373495385],[34.577758898305085,0.405974152542373],[34.5776,0.4059]],[[34.5794,0.3933],[34.5801,0.3920615384615355],[34.57989028436019,0.40026203791469006],[34.5794,0.3933]],[[34.582,0.3887],[34.58371999999995,0.3882600000000125],[34.581620833333346,0.38937083333331646],[34.582,0.3887]],[[34.5906,0.3865],[34.59144345047923,0.3865447284345047],[34.5905506880734,0.3865126146788991],[34.5906,0.3865]],[[34.6097,0.3791],[34.6041,0.387],[34.6039496191795,0.3869945906179677],[34.6097,0.3791]],[[34.64284522968198,0.3550653710247356],[34.6411,0.3557],[34.6328,0.3537],[34.64284522968198,0.3550653710247356]],[[34.6494,0.343],[34.6433,0.3549],[34.643181742354024,0.35494300278035507],[34.6494,0.343]],[[34.651588132164534,0.3338697909642612],[34.6523,0.3338],[34.6484,0.3365],[34.651588132164534,0.3338697909642612]],[[34.626112917594654,0.3049026726057925],[34.6262,0.305],[34.6227,0.3086],[34.626112917594654,0.3049026726057925]],[[34.6246,0.3033],[34.62461486486487,0.3032283783783814],[34.62489999999999,0.30354705882351907],[34.6246,0.3033]],[[34.6257,0.298],[34.62607886227544,0.2977132934131777],[34.624984790874535,0.30144600760451845],[34.6257,0.298]],[[34.628757833430406,0.2956859638905045],[34.6296847599165,0.29685469728601516],[34.628271613342406,0.2960539142273648],[34.628757833430406,0.2956859638905045]],[[34.6275,0.294],[34.629,0.2918],[34.62754619124797,0.2940291734197731],[34.6275,0.294]],[[34.6142,0.2718],[34.616464661654135,0.2692522556390936],[34.614129451697124,0.27262642297650636],[34.6142,0.2718]],[[34.609677777777776,0.26094166666666796],[34.6098,0.2609],[34.609817364203025,0.26091549421193283],[34.609677777777776,0.26094166666666796]],[[34.6051,0.2618],[34.605193065693435,0.26164124087591134],[34.60522972972973,0.26177567567567545],[34.6051,0.2618]],[[34.6154,0.2297],[34.616,0.2344],[34.615895402298854,0.23465402298849886],[34.6154,0.2297]],[[34.60933667232598,0.1930016129032234],[34.6156,0.1877],[34.6156593220339,0.18770174476570298],[34.60933667232598,0.1930016129032234]],[[34.619,0.1878],[34.619842460796136,0.1883850422195405],[34.616970461538465,0.1877403076923078],[34.619,0.1878]],[[34.6262,0.1928],[34.626177044720286,0.19288172079578303],[34.625218181818184,0.19211818181818538],[34.6262,0.1928]],[[34.6312,0.2061],[34.6239,0.2019],[34.62391837155372,0.2018281113115174],[34.6312,0.2061]],[[34.65118965771976,0.1893311745875512],[34.65,0.191],[34.645823780771025,0.19477106363213306],[34.65118965771976,0.1893311745875512]],[[34.65716675062973,0.18080856423173436],[34.6572,0.1809],[34.65631672862452,0.18213903345728227],[34.65716675062973,0.18080856423173436]],[[34.4656,0.2119],[34.4545,0.2101],[34.452247422680415,0.2109814432989679],[34.454,0.21],[34.4656,0.2119]],[[34.4561,0.2733],[34.478,0.2451],[34.45623203633611,0.2735657986373963],[34.4561,0.2733]],[[34.4714,0.3041],[34.4635754242247,0.2883485664131168],[34.4657,0.2908],[34.4714,0.3041]],[[34.4797,0.3128],[34.47736562500001,0.31035312500000944],[34.480275999999996,0.3123680000000011],[34.4797,0.3128]],[[34.4873,0.2988],[34.485877039274925,0.3017882175226586],[34.4855,0.3005],[34.4873,0.2988]],[[34.5072,0.2901],[34.5072,0.2915],[34.5051,0.2927],[34.5072,0.2901]],[[34.511437176938365,0.28254811133200863],[34.51139443099274,0.28312518159806244],[34.5113,0.2829],[34.511437176938365,0.28254811133200863]],[[34.5128,0.2814],[34.511794269340974,0.28163209169054443],[34.51265232452142,0.2794309936189539],[34.5128,0.2814]],[[34.516,0.279],[34.51330127414714,0.277766296752978],[34.5136,0.277],[34.516,0.279]],[[34.51728548387098,0.27793709677419565],[34.51718208955224,0.2779164179104487],[34.5172,0.2779],[34.51728548387098,0.27793709677419565]],[[34.54434444444445,0.27554444444444537],[34.5414,0.2779],[34.5437,0.2749],[34.54434444444445,0.27554444444444537]],[[34.5583,0.2824],[34.55810728624535,0.28226795539033334],[34.5606,0.2792],[34.5583,0.2824]],[[34.58239124502558,0.27241870380898214],[34.5775,0.2752],[34.5822,0.2723],[34.58239124502558,0.27241870380898214]],[[34.6057,0.2866],[34.60567560855667,0.2865704942217862],[34.6097,0.285],[34.6057,0.2866]],[[34.525,0.1798],[34.533426845637585,0.17695838926174476],[34.5334,0.177],[34.525,0.1798]],[[34.53744243542435,0.1707915129151284],[34.5375,0.1707],[34.53785180722891,0.17070963855421678],[34.53744243542435,0.1707915129151284]],[[34.54249813994685,0.17083693534100963],[34.5448,0.1709],[34.545512,0.17175185714285837],[34.54249813994685,0.17083693534100963]],[[34.5907,0.1898],[34.5929,0.186],[34.5930564891847,0.18621813643926965],[34.5907,0.1898]],[[34.414093987787695,0.2924945984030064],[34.4143,0.2926],[34.414,0.2971],[34.414093987787695,0.2924945984030064]],[[34.418831446049715,0.30763255238839005],[34.419,0.308],[34.4153,0.3146],[34.418831446049715,0.30763255238839005]],[[34.408038768328446,0.3202370087976544],[34.40875916870415,0.32198655256723324],[34.4077,0.3205],[34.408038768328446,0.3202370087976544]],[[34.4168012572534,0.333273694390731],[34.41952010303377,0.3365811562678875],[34.4191,0.3365],[34.4168012572534,0.333273694390731]],[[34.48196625145971,0.37622678084857847],[34.4897,0.3741],[34.482,0.3766],[34.48196625145971,0.37622678084857847]],[[34.5049,0.3742],[34.5016,0.3813],[34.50142141400408,0.38125656016315285],[34.5049,0.3742]],[[34.575233011911514,0.40735660805445273],[34.575,0.4075],[34.5662,0.3996],[34.575233011911514,0.40735660805445273]],[[34.7153,0.491],[34.71485263157895,0.4910263157894734],[34.715352805280524,0.4909108910891098],[34.7153,0.491]],[[34.7215,0.4883],[34.721024,0.4883],[34.722924647887325,0.4865401408450701],[34.7215,0.4883]],[[34.7304,0.4844],[34.723326027397256,0.4861684931506851],[34.7234,0.4861],[34.7304,0.4844]],[[34.7398,0.4841],[34.7407,0.485],[34.74088554572272,0.483523303834807],[34.7398,0.4841]],[[34.743,0.4824],[34.742643454039,0.4825894150417845],[34.74360000000001,0.480888888888873],[34.743,0.4824]],[[34.7457,0.4756],[34.74511546391752,0.4770721649484582],[34.7456,0.4715],[34.7457,0.4756]],[[34.774118288263175,0.36658929467521384],[34.7697,0.3774],[34.7741,0.3666],[34.774118288263175,0.36658929467521384]],[[34.8033,0.3397],[34.7959,0.34],[34.7929,0.3396],[34.8033,0.3397]],[[34.7935,0.3024],[34.7953,0.3129],[34.792128959276006,0.297738461538417],[34.7935,0.3024]],[[34.792,0.2973],[34.79208259325045,0.2975808170515159],[34.7872,0.2922],[34.792,0.2973]],[[34.7856,0.2875],[34.78580063653724,0.28808936982813466],[34.7831,0.2893],[34.7856,0.2875]],[[34.777,0.282],[34.776714999999996,0.28675000000000156],[34.7766,0.2868],[34.777,0.282]],[[34.714641950375075,0.25325776110791],[34.71736117814053,0.2556037615330013],[34.7154,0.2548],[34.714641950375075,0.25325776110791]],[[34.71344270833333,0.2463916666666492],[34.713337407711236,0.2506036915504484],[34.712655214723924,0.2492157816797103],[34.71344270833333,0.2463916666666492]],[[34.7177,0.2302],[34.717431780616074,0.2310876784372724],[34.717469791666666,0.22975729166666584],[34.7177,0.2302]],[[34.736551999999996,0.2064479999999987],[34.7381,0.2092],[34.7362,0.2068],[34.736551999999996,0.2064479999999987]],[[34.7414,0.2061],[34.73698653846154,0.20601346153846153],[34.7372,0.2058],[34.7414,0.2061]],[[34.7799,0.1808],[34.771876511808976,0.18193272774461478],[34.772,0.1817],[34.7799,0.1808]],[[34.7894,0.1836],[34.7863,0.1856],[34.786137714285715,0.18547828571428587],[34.7894,0.1836]],[[34.79446290672451,0.18437765726681046],[34.79210833333334,0.1836],[34.7941,0.1836],[34.79446290672451,0.18437765726681046]],[[34.8021,0.1869],[34.79779751681325,0.18547899637868634],[34.8035,0.1862],[34.8021,0.1869]],[[34.706,0.3168],[34.7032,0.3101],[34.70616754832146,0.3169923702950064],[34.706,0.3168]],[[34.677,0.3025],[34.67354761904762,0.3025],[34.6745,0.302],[34.677,0.3025]],[[34.6613,0.3087],[34.6603,0.3118],[34.6601375,0.3118],[34.6613,0.3087]],[[34.6593,0.3118],[34.658,0.3118],[34.65492105263158,0.3112526315789476],[34.6593,0.3118]],[[34.65370266544118,0.3110360294117646],[34.6535,0.311],[34.6538,0.3087],[34.65370266544118,0.3110360294117646]],[[34.635017857142856,0.3015749999999997],[34.6346,0.3018],[34.63349324324324,0.3008635135135116],[34.635017857142856,0.3015749999999997]],[[34.6317,0.2964],[34.63240925925926,0.29994629629629876],[34.632,0.2996],[34.6317,0.2964]],[[34.63142857142857,0.2964857142857143],[34.631,0.2976],[34.62989065606362,0.29697137176938426],[34.63142857142857,0.2964857142857143]],[[34.770188845968136,0.36474220183486417],[34.7701,0.3647],[34.7691,0.3591],[34.770188845968136,0.36474220183486417]],[[34.70988222222222,0.3199],[34.7087,0.3199],[34.70666831683169,0.31756732673268034],[34.70988222222222,0.3199]],[[34.643,0.2107],[34.6388,0.2212],[34.642635913312695,0.21026764705882395],[34.643,0.2107]],[[34.65052350282486,0.24976022598870065],[34.6505,0.2498],[34.6436,0.2482],[34.65052350282486,0.24976022598870065]],[[34.6509,0.2463],[34.6518,0.2476],[34.650721411192215,0.24942530413625416],[34.6509,0.2463]],[[34.6568,0.2453],[34.657261724137925,0.2454703448275848],[34.65674724896836,0.2453089408528197],[34.6568,0.2453]],[[34.6774,0.2586],[34.6774,0.2552],[34.67779152878888,0.2587237590999335],[34.6774,0.2586]],[[34.70774788732395,0.2633014084507014],[34.7077,0.2639],[34.7049,0.2652],[34.70774788732395,0.2633014084507014]],[[34.711341617021276,0.2532662127659565],[34.7112,0.2538],[34.7083,0.2564],[34.711341617021276,0.2532662127659565]],[[34.92278217317487,0.4043833616298811],[34.92287567567568,0.404381081081081],[34.9228,0.4044],[34.92278217317487,0.4043833616298811]],[[34.92704827586207,0.4033379310344835],[34.9344,0.395],[34.9284,0.403],[34.92704827586207,0.4033379310344835]],[[34.7439,0.4862],[34.7424,0.4839],[34.74405534709194,0.48613958724202433],[34.7439,0.4862]],[[34.81957772590864,0.5800337779259735],[34.8192,0.5799],[34.8067,0.5696],[34.81957772590864,0.5800337779259735]]]}},{"type":"Feature","properties":{"NAME_1":"Kericho","name":"Kericho"},"geometry":{"type":"Polygon","coordinates":[[[35.1784,-0.6514],[35.0798,-0.6465],[35.084,-0.594],[35.0568,-0.6136],[35.0571,-0.502],[35.0332,-0.4929],[35.0451,-0.44],[35.0068,-0.3701],[35.0048,-0.3322],[35.0503,-0.2914],[35.0634,-0.2115],[35.1033,-0.1957],[35.1305,-0.1488],[35.2044,-0.1602],[35.2692,-0.2315],[35.342,-0.234],[35.3307,-0.1707],[35.2961,-0.1701],[35.2265,-0.0997],[35.3077,-0.0795],[35.3719,-0.1033],[35.4241,-0.072],[35.4044,-0.0172],[35.4349,0.0312],[35.4664,0.0319],[35.4578,0.0146],[35.5229,0.0199],[35.5431,-0.0023],[35.5839,-0.0013],[35.6337,-0.0301],[35.6412,-0.0544],[35.5971,-0.1236],[35.6112,-0.1531],[35.6409,-0.1442],[35.6704,-0.1577],[35.6464,-0.266],[35.6198,-0.2888],[35.5925,-0.2723],[35.581,-0.3031],[35.5723,-0.2772],[35.5291,-0.2545],[35.4139,-0.2969],[35.4738,-0.3951],[35.4277,-0.4506],[35.3946,-0.4553],[35.3121,-0.5063],[35.2834,-0.4858],[35.3148,-0.4154],[35.2327,-0.4169],[35.2086,-0.4616],[35.2207,-0.4697],[35.1773,-0.4906],[35.2063,-0.5432],[35.1955,-0.5702],[35.2286,-0.6095],[35.1784,-0.6514]],[[35.2525773668639,-0.24422011834319526],[35.2526,-0.2442],[35.2509,-0.2383],[35.2525773668639,-0.24422011834319526]],[[35.1742,-0.313],[35.172354695431466,-0.3174885786802116],[35.17582383138564,-0.31172061769616255],[35.1742,-0.313]],[[35.16907009345794,-0.32290560747663644],[35.1691,-0.3229],[35.169112953570036,-0.32287846273897464],[35.16907009345794,-0.32290560747663644]],[[35.200611869918696,-0.3106573170731708],[35.1992,-0.3101],[35.1980178866263,-0.3104646945514584],[35.200611869918696,-0.3106573170731708]],[[35.230261111111105,-0.31708888888888803],[35.23,-0.3169],[35.21652555178268,-0.3119949066213921],[35.230261111111105,-0.31708888888888803]],[[35.23855617977527,-0.32601011235954386],[35.2347,-0.3203],[35.23178561362302,-0.3181917204932496],[35.23855617977527,-0.32601011235954386]],[[35.2407,-0.3395],[35.2399,-0.328],[35.239534757422156,-0.32745916002896625],[35.2407,-0.3395]],[[35.29933323391564,-0.3590490413293587],[35.2993,-0.3591],[35.3051,-0.3655],[35.29933323391564,-0.3590490413293587]],[[35.3093,-0.3532],[35.3023,-0.3545],[35.30161469648563,-0.35555079872204465],[35.3093,-0.3532]],[[35.31182944369064,-0.34862754409769237],[35.3116,-0.3487],[35.3093,-0.3532],[35.31182944369064,-0.34862754409769237]],[[35.31809099678457,-0.34512025723472667],[35.3179,-0.3451],[35.3173,-0.3469],[35.31809099678457,-0.34512025723472667]],[[35.3221,-0.3461],[35.32352412451362,-0.3456964980544746],[35.318247368421055,-0.3451368421052631],[35.3221,-0.3461]],[[35.3281,-0.3444],[35.33414549098194,-0.3494482965931667],[35.3256444015444,-0.34509575289575173],[35.3281,-0.3444]],[[35.34206176470591,-0.36027941176475325],[35.3384,-0.3532],[35.33798112861294,-0.35283063159504746],[35.34206176470591,-0.36027941176475325]],[[35.3432,-0.3684],[35.3444,-0.3648],[35.344067752442996,-0.3641576547231234],[35.3432,-0.3684]],[[35.3457,-0.3712],[35.34619754985755,-0.3713008547008544],[35.3432,-0.3684],[35.3457,-0.3712]],[[35.3531,-0.3727],[35.3494,-0.371],[35.346536268068334,-0.3713695137976346],[35.3531,-0.3727]],[[35.38436536312849,-0.3714715083798889],[35.3838,-0.3716],[35.3822,-0.3749],[35.38436536312849,-0.3714715083798889]],[[35.391,-0.3745],[35.386,-0.3711],[35.38501947565543,-0.371322846441948],[35.391,-0.3745]],[[35.4207,-0.3648],[35.4295,-0.359],[35.42065148514851,-0.36480069306930696],[35.4207,-0.3648]],[[35.060852,-0.4868664000000005],[35.0589,-0.4855],[35.0606,-0.4869],[35.060852,-0.4868664000000005]],[[35.07403296089385,-0.4847111731843573],[35.06209999999998,-0.4867000000000027],[35.0741,-0.4851],[35.07403296089385,-0.4847111731843573]],[[35.08429712569713,-0.46743843843844085],[35.0843,-0.4677],[35.08526820809249,-0.46874566473988777],[35.08429712569713,-0.46743843843844085]],[[35.0891,-0.4706],[35.086484044233806,-0.47005876777251143],[35.0868,-0.4704],[35.0891,-0.4706]],[[35.1418,-0.4506],[35.1416404489235,-0.4508156894182338],[35.1443,-0.4549],[35.1418,-0.4506]],[[35.1815,-0.4755],[35.181407692307694,-0.47563846153846157],[35.181540336134454,-0.47572689075630253],[35.1815,-0.4755]],[[35.0973,-0.408],[35.103,-0.4029],[35.10403192811183,-0.4002504548480099],[35.0973,-0.408]],[[35.1153,-0.3874],[35.1176593955322,-0.38311813403416073],[35.117,-0.3836],[35.1153,-0.3874]],[[35.11867723636363,-0.38237432727272824],[35.1277,-0.3807],[35.1196,-0.3817],[35.11867723636363,-0.38237432727272824]],[[35.4103,-0.2487],[35.41015470347648,-0.24885122699386525],[35.4146,-0.248],[35.4103,-0.2487]],[[35.41554985949418,-0.2505905258932157],[35.4157,-0.2505],[35.4146,-0.248],[35.41554985949418,-0.2505905258932157]],[[35.32792642857143,-0.34369142857142954],[35.3318,-0.3451],[35.3284,-0.3434],[35.32792642857143,-0.34369142857142954]],[[35.34665152838428,-0.2286406113537116],[35.3518,-0.2307],[35.3467,-0.2286],[35.34665152838428,-0.2286406113537116]],[[35.3766,-0.2306],[35.384199810246685,-0.22501005692599485],[35.3829,-0.2254],[35.3766,-0.2306]],[[35.38881111111111,-0.2218111111111108],[35.3964,-0.2294],[35.3889,-0.2217],[35.38881111111111,-0.2218111111111108]],[[35.485972000000004,-0.18509199999999987],[35.4944,-0.1847],[35.4861,-0.1849],[35.485972000000004,-0.18509199999999987]],[[35.51925618388934,-0.1398581773799838],[35.5206,-0.1405],[35.522446779351306,-0.139936957514847],[35.51925618388934,-0.1398581773799838]],[[35.492607954345914,-0.06957682177348558],[35.4925,-0.0694],[35.4866,-0.0691],[35.492607954345914,-0.06957682177348558]]]}},{"type":"Feature","properties":{"NAME_1":"Kiambu","name":"Kiambu"},"geometry":{"type":"Polygon","coordinates":[[[36.7082,-1.2419],[36.6658,-1.3078],[36.4908,-1.264],[36.513628892455856,-1.2359028892455857],[36.5445,-1.1207],[36.5911,-1.0581],[36.5923,-1.0682],[36.6001,-0.9872],[36.5543,-0.9146],[36.6014,-0.8573],[36.5887,-0.8218],[36.6226,-0.8253],[36.6742,-0.7728],[36.6446,-0.767],[36.6718,-0.7526],[36.7384,-0.8235],[36.7711,-0.8267],[36.8865,-0.89],[37.0324,-1.0226],[37.0515,-1.0277],[37.063,-1.0064],[37.1241,-1.0475],[37.154,-1.0472],[37.1767,-1.0275],[37.1922,-1.0367],[37.2312,-1.0118],[37.2645,-1.0117],[37.3108,-1.0615],[37.3626,-1.0894],[37.3877,-1.0533],[37.4211,-1.0339],[37.3425,-1.1168],[37.2814,-1.0651],[37.2113,-1.078],[37.175165507181326,-1.1135148563734285],[37.1823,-1.1637],[37.1561,-1.1925],[37.1551,-1.2181],[37.1016,-1.2596],[37.0627,-1.2027],[37.0107,-1.234],[36.9314,-1.2201],[36.9124,-1.2051],[36.9418,-1.1731],[36.8978,-1.1584],[36.8877,-1.1712],[36.8991,-1.1909],[36.8629,-1.1882],[36.8333,-1.212],[36.791,-1.1889],[36.7783,-1.2203],[36.7567,-1.2125],[36.7467,-1.2307],[36.7287,-1.2281],[36.7184,-1.2566],[36.7082,-1.2419]],[[36.7198,-0.8187],[36.7216,-0.8221],[36.72031577669903,-0.8187412621359225],[36.7198,-0.8187]],[[36.7188,-0.8213],[36.71902222222222,-0.8215666666666672],[36.7216,-0.8221],[36.7188,-0.8213]],[[36.6576,-0.8041],[36.65759336809309,-0.8044102785019394],[36.6619,-0.8045],[36.6576,-0.8041]],[[36.94767331378299,-1.020923167155425],[36.9463,-1.0204],[36.9425,-1.0218],[36.94767331378299,-1.020923167155425]],[[36.9392,-1.0357],[36.95293154121865,-1.0144991039426334],[36.94820005174644,-1.02112382923674],[36.9392,-1.0357]],[[36.7779,-0.971],[36.77782302067575,-0.9710680282400401],[36.7818,-0.9765],[36.7779,-0.971]],[[36.77739537898937,-0.9714459441489346],[36.7746,-0.975],[36.77,-0.9847],[36.77739537898937,-0.9714459441489346]],[[36.7788,-0.9954],[36.7823,-0.9969],[36.774846999999994,-0.991245999999993],[36.7788,-0.9954]],[[36.795731249999996,-1.011768749999998],[36.7952,-1.0114],[36.79513604651163,-1.0113872093023257],[36.795731249999996,-1.011768749999998]],[[36.8056,-1.022],[36.8037,-1.0173],[36.803079736924516,-1.0168694644534906],[36.8056,-1.022]],[[36.8044,-1.0385],[36.8055,-1.0367],[36.8087,-1.0283],[36.8044,-1.0385]],[[36.7403,-1.0448],[36.7408,-1.0458],[36.7513,-1.043],[36.7403,-1.0448]],[[36.6738,-1.0657],[36.675222222222224,-1.065433333333334],[36.6735,-1.0644],[36.6738,-1.0657]],[[36.6746,-1.0736],[36.6755,-1.0656],[36.675387096774195,-1.0655322580645183],[36.6746,-1.0736]],[[36.6758,-1.075],[36.67586575342466,-1.074956164383562],[36.6746,-1.0736],[36.6758,-1.075]],[[36.67897068965517,-1.072886206896552],[36.6777,-1.073],[36.67641034482759,-1.0745931034482754],[36.67897068965517,-1.072886206896552]],[[36.7278904290429,-1.0874584158415836],[36.7279,-1.0872],[36.7215,-1.0866],[36.7278904290429,-1.0874584158415836]],[[36.723951759364354,-1.120426674233828],[36.7347,-1.1052],[36.7239,-1.1167],[36.723951759364354,-1.120426674233828]],[[36.737869991617764,-1.1050078792958928],[36.7377,-1.1049],[36.7347,-1.1052],[36.737869991617764,-1.1050078792958928]],[[36.79872953503602,-1.1122695481335956],[36.7979,-1.1118],[36.792,-1.114],[36.79872953503602,-1.1122695481335956]],[[36.803092885066455,-1.1153141516809977],[36.8032,-1.1148],[36.80014273684211,-1.113069473684216],[36.803092885066455,-1.1153141516809977]],[[36.80352658227849,-1.1159354430379775],[36.8041,-1.1183],[36.806665517241385,-1.1201206896551745],[36.80352658227849,-1.1159354430379775]],[[36.52931898089171,-1.2320899363057345],[36.513886740067015,-1.2359286740067017],[36.5166,-1.2362],[36.52931898089171,-1.2320899363057345]],[[36.64943846153846,-1.1660538461538263],[36.64958248175182,-1.1647576642335773],[36.6494,-1.1649],[36.64943846153846,-1.1660538461538263]],[[36.6498,-1.1711],[36.65187185929647,-1.175444221105499],[36.64950124223603,-1.167937267080765],[36.6498,-1.1711]],[[36.6584,-1.179],[36.65256384404508,-1.17689515686872],[36.6529,-1.1776],[36.6584,-1.179]],[[36.6604,-1.1835],[36.66074375,-1.1835],[36.6584,-1.179],[36.6604,-1.1835]],[[36.6647,-1.1774],[36.668767097637094,-1.1786895675434688],[36.6688,-1.1786],[36.6647,-1.1774]],[[36.6643,-1.1746],[36.66433913043478,-1.1748739130434784],[36.666606142034546,-1.1747813819577737],[36.6643,-1.1746]],[[36.69838112852664,-1.1857110971786835],[36.69646506024095,-1.184846987951803],[36.6981,-1.1857],[36.69838112852664,-1.1857110971786835]],[[36.7284,-1.1656],[36.7057,-1.186],[36.7119,-1.1805],[36.7284,-1.1656]],[[36.73027548387097,-1.1503],[36.7302,-1.1503],[36.7284,-1.1656],[36.73027548387097,-1.1503]],[[36.734925381935135,-1.1195948271240954],[36.7302,-1.1256],[36.7352,-1.1197],[36.734925381935135,-1.1195948271240954]],[[36.7271,-1.1234],[36.7305,-1.1179],[36.72566394399066,-1.1236316219369895],[36.7271,-1.1234]],[[36.724,-1.1239],[36.724926494345716,-1.1237505654281097],[36.72395520581114,-1.1206748184019306],[36.724,-1.1239]],[[36.6608,-1.0619],[36.66424141546527,-1.0546549148099622],[36.6642,-1.0547],[36.6608,-1.0619]],[[36.7720245681382,-0.9736621880998096],[36.7719,-0.9739],[36.77294117647059,-0.9743241830065356],[36.7720245681382,-0.9736621880998096]],[[36.76329787382363,-0.967421331474382],[36.7633,-0.9675],[36.771,-0.9691],[36.76329787382363,-0.967421331474382]],[[36.7633,-0.9639],[36.76320293083236,-0.9639084407971866],[36.76325,-0.96565],[36.7633,-0.9639]],[[36.7492,-0.9572],[36.7563,-0.9645],[36.756390904168924,-0.9644907778379358],[36.7492,-0.9572]],[[36.7363,-0.9524],[36.7412,-0.9578],[36.741300297492565,-0.9577924776880579],[36.7363,-0.9524]],[[36.730085333333335,-0.951692],[36.7323,-0.9529],[36.733098237885464,-0.9520352422907489],[36.730085333333335,-0.951692]],[[36.725,-0.8988],[36.7177,-0.8898],[36.717261396554356,-0.8895920414697375],[36.725,-0.8988]],[[36.8143,-1.1188],[36.806892198581565,-1.1202815602836882],[36.8072,-1.1205],[36.8143,-1.1188]],[[36.939456456456455,-1.1117155155155145],[36.937,-1.1093],[36.9378,-1.1114],[36.939456456456455,-1.1117155155155145]],[[36.943,-1.1152],[36.941408253500384,-1.1136347826087112],[36.94313333333333,-1.1157333333333304],[36.943,-1.1152]],[[36.945,-1.1175],[36.944670308446234,-1.1176030556356304],[36.9496,-1.1236],[36.945,-1.1175]],[[36.946,-1.1167],[36.94300568070519,-1.1110119490695405],[36.94578978622328,-1.116868171021376],[36.946,-1.1167]],[[36.9578,-1.0073],[36.95754608139328,-1.007675475386529],[36.959540969162994,-1.0087061674008806],[36.9578,-1.0073]],[[36.9818,-0.9886],[36.9656,-1.0136],[36.9755,-0.9986],[36.9818,-0.9886]],[[37.0083,-1.0267],[36.993214920273346,-1.0192048974943033],[36.9936,-1.0197],[37.0083,-1.0267]],[[37.0388,-1.0399],[37.026940975739805,-1.0389735137296718],[37.0285,-1.04],[37.0388,-1.0399]],[[37.148852941176465,-1.1279176470588248],[37.14802558139535,-1.1281627906976746],[37.1481,-1.1282],[37.148852941176465,-1.1279176470588248]],[[37.16699999999996,-1.1184000000000245],[37.15486571428572,-1.1256628571428544],[37.1577,-1.1246],[37.16699999999996,-1.1184000000000245]],[[37.16727960057061,-1.117547218259637],[37.167,-1.1183999999999965],[37.1673,-1.1182],[37.16727960057061,-1.117547218259637]],[[37.169,-1.1123],[37.16856097560975,-1.113639024390249],[37.16972972972973,-1.1124702702702711],[37.169,-1.1123]],[[36.9646,-1.1454],[36.9686,-1.1471],[36.97064456521739,-1.147657608695652],[36.9646,-1.1454]],[[36.97343278688525,-1.1484180327868856],[36.9741,-1.1486],[36.9781,-1.1477],[36.97343278688525,-1.1484180327868856]],[[36.99366981132076,-1.1606792452830137],[36.9933,-1.162],[36.99418111888112,-1.16272447552448],[36.99366981132076,-1.1606792452830137]],[[36.99768219895286,-1.1656031413612404],[36.9978,-1.1657],[36.99780630914827,-1.1656913249211343],[36.99768219895286,-1.1656031413612404]],[[36.9986,-1.1646],[37.0082,-1.1716],[37.0007,-1.1658],[36.9986,-1.1646]],[[37.0147,-1.1733],[37.020822762148335,-1.1733971867007673],[37.0207,-1.1733],[37.0147,-1.1733]],[[37.021660000000004,-1.1740600000000028],[37.0228,-1.1752],[37.02303308550186,-1.1751470260223045],[37.021660000000004,-1.1740600000000028]],[[37.0835,-1.1674],[37.079614932126695,-1.1676199095022624],[37.083969348659004,-1.167716091954023],[37.0835,-1.1674]],[[37.1499,-1.1973],[37.1537,-1.1986],[37.15389841427156,-1.1984702675916743],[37.1499,-1.1973]],[[36.884005228088164,-1.1533991799077392],[36.883644518272426,-1.1517308970099605],[36.8836,-1.1532],[36.884005228088164,-1.1533991799077392]],[[36.88369318036966,-1.150125047801154],[36.8934,-1.1344],[36.8837,-1.1499],[36.88369318036966,-1.150125047801154]],[[36.8769,-1.113],[36.86790969030969,-1.11251665001665],[36.8681,-1.1128],[36.8769,-1.113]],[[36.951,-1.1294],[36.9542,-1.1316],[36.95429900990099,-1.1316316831683166],[36.951,-1.1294]]]}},{"type":"Feature","properties":{"NAME_1":"Kilifi","name":"Kilifi"},"geometry":{"type":"MultiPolygon","coordinates":[[[[40.1263,-3.2793],[39.9765,-3.3901],[39.9657,-3.3443],[39.9879,-3.3474],[39.9915,-3.3218],[39.9693,-3.3257],[39.9571,-3.3443],[39.9696,-3.4062],[39.8715,-3.6315],[39.8451,-3.6354],[39.8213,-3.6096],[39.8118,-3.6218],[39.8082,-3.611],[39.8001,-3.6063],[39.7954,-3.6085],[39.8101,-3.6471],[39.8385,-3.6335],[39.8621,-3.6415],[39.8707,-3.6979],[39.8438,-3.7739],[39.8273,-3.7685],[39.8438,-3.774],[39.8301,-3.8235],[39.7643,-3.9551],[39.7145,-3.9505],[39.6999,-3.9209],[39.6663,-3.9186],[39.6395,-3.9292],[39.6491,-3.9583],[39.5995,-3.9499],[39.5685,-3.9911],[39.5397,-3.9885],[39.5483,-3.9633],[39.4975,-3.8877],[39.4195,-3.8205],[39.3995,-3.8256],[39.3795,-3.8061],[39.3949,-3.7513],[39.3907,-3.7367],[39.3595,-3.7302],[39.3473,-3.7015],[39.3473,-3.5986],[39.3183,-3.5645],[39.0873,-3.5696],[39.2189,-3.0692],[39.8923,-2.3092],[40.1876,-2.7387],[40.1924,-2.7368],[40.1615,-2.9551],[40.1904,-2.9862],[40.1782,-2.9801],[40.1685,-2.9932],[40.2124,-2.9938],[40.2376,-2.9779],[40.2415,-2.9896],[40.174,-3.0415],[40.1474,-3.1665],[40.1241,-3.146],[40.1407,-3.1715],[40.121,-3.2021],[40.1263,-3.2793]],[[39.77486431226766,-3.670891078066915],[39.7725,-3.6703],[39.77487431557989,-3.6709331508213046],[39.77486431226766,-3.670891078066915]],[[39.7665,-3.6178],[39.7767,-3.6644],[39.7752,-3.6572],[39.7665,-3.6178]],[[39.805525330812856,-3.511510649023305],[39.8013,-3.5285],[39.8053,-3.5149],[39.805525330812856,-3.511510649023305]],[[39.8103,-3.3756],[39.806477706780264,-3.497185327180197],[39.8077,-3.4788],[39.8103,-3.3756]],[[39.8086,-3.2913],[39.806799999999996,-3.287524999999992],[39.8099,-3.3135],[39.8086,-3.2913]],[[39.6647,-3.678],[39.66135215189874,-3.6791544303797465],[39.66930183486239,-3.678418348623853],[39.6647,-3.678]],[[39.5545,-3.8851],[39.5505234006734,-3.8758500841750823],[39.5505,-3.8764],[39.5545,-3.8851]],[[39.5506627749577,-3.872574788494083],[39.55145185735513,-3.870686627043086],[39.5507,-3.8717],[39.5506627749577,-3.872574788494083]],[[39.55448571428572,-3.8665975155279497],[39.5757,-3.8535],[39.5553,-3.8655],[39.55448571428572,-3.8665975155279497]],[[39.5749,-3.843],[39.57839773755656,-3.839152488687784],[39.5775,-3.8395],[39.5749,-3.843]],[[39.57996880641925,-3.838544332998997],[39.5981,-3.8376],[39.5806,-3.8383],[39.57996880641925,-3.838544332998997]],[[39.6813,-3.8512],[39.6899,-3.8567],[39.6929,-3.8578],[39.6813,-3.8512]],[[39.69746923076923,-3.857038461538462],[39.69570361134996,-3.8564806534823726],[39.6929,-3.8578],[39.69746923076923,-3.857038461538462]],[[39.8147,-3.7086],[39.814256791720574,-3.7131798188874447],[39.8153,-3.7108],[39.8147,-3.7086]],[[39.70063333333333,-3.858649999999996],[39.7003,-3.8579],[39.699178048780496,-3.8575585365853677],[39.70063333333333,-3.858649999999996]],[[39.7015,-3.862799999999999],[39.7023,-3.8624],[39.7015,-3.8606000000000065],[39.7015,-3.862799999999999]],[[39.6987,-3.8635],[39.6935,-3.8668],[39.70000666666667,-3.8635466666666667],[39.6987,-3.8635]],[[39.69826356877323,-3.89235167286246],[39.6993,-3.8913],[39.699133220338986,-3.890322485875703],[39.69826356877323,-3.89235167286246]],[[39.6911,-3.9012],[39.68939147540981,-3.9028288524590344],[39.69153676470589,-3.9011602941176466],[39.6911,-3.9012]],[[39.71534897959184,-3.1875265306122444],[39.7159,-3.1912],[39.7153,-3.187],[39.71534897959184,-3.1875265306122444]],[[39.8047,-3.2802],[39.8045,-3.2835],[39.80585263157895,-3.2858671052631636],[39.8047,-3.2802]],[[40.0922,-3.1602],[40.07794831013917,-3.1620546719681903],[40.078,-3.1621],[40.0922,-3.1602]],[[40.1036,-3.1426],[40.103543579072536,-3.142960225921522],[40.10652568093385,-3.1427420233463033],[40.1036,-3.1426]],[[40.1139,-3.1431],[40.11218410210479,-3.143016703985669],[40.1187,-3.1471],[40.1139,-3.1431]]],[[[39.9779,-3.3343],[39.9793,-3.3365],[39.9718,-3.3349],[39.9779,-3.3343]]],[[[39.9771,-3.3285],[39.9799,-3.3329],[39.9763,-3.331],[39.9771,-3.3285]]],[[[40.1382,-3.1629],[40.1382,-3.1628],[40.1383,-3.1629],[40.1382,-3.1629]]],[[[40.2357,-3.0004],[40.2349,-2.9974],[40.2363,-2.9965],[40.2357,-3.0004]]],[[[40.1943,-2.9882],[40.1971,-2.9901],[40.1935,-2.9907],[40.1943,-2.9882]]],[[[40.1907,-2.9796],[40.194,-2.9829],[40.1929,-2.9854],[40.1907,-2.9796]]],[[[40.1897,-2.7314],[40.1876,-2.7293],[40.1871,-2.7284],[40.1897,-2.7314]]],[[[40.1868,-2.728],[40.1869,-2.7282],[40.1868,-2.7282],[40.1868,-2.728]]],[[[40.1865,-2.7277],[40.1867,-2.7279],[40.1865,-2.7279],[40.1865,-2.7277]]],[[[40.1863,-2.7274],[40.1865,-2.7276],[40.1862,-2.7276],[40.1863,-2.7274]]]]}},{"type":"Feature","properties":{"NAME_1":"Kirinyaga","name":"Kirinyaga"},"geometry":{"type":"MultiPolygon","coordinates":[[[[37.2622,-0.7797],[37.2554,-0.7559],[37.2702,-0.752],[37.2379,-0.6625],[37.2144,-0.685],[37.2012,-0.6588],[37.1786,-0.6619],[37.1691,-0.644],[37.1783,-0.5956],[37.1443,-0.5646],[37.1453,-0.522],[37.1695,-0.5086],[37.1756,-0.4373],[37.1996,-0.4346],[37.3078,-0.1457],[37.4251,-0.4171],[37.4271,-0.5095],[37.4853,-0.5818],[37.472,-0.6527],[37.4791,-0.7142],[37.4959,-0.7308],[37.4444,-0.7306],[37.3481,-0.7722],[37.3155,-0.7483],[37.2764,-0.7537],[37.2622,-0.7797]],[[37.2161380087508,-0.4158066936335159],[37.2157,-0.4171],[37.2171,-0.4261],[37.2161380087508,-0.4158066936335159]],[[37.213971373375486,-0.43225948366702205],[37.2139,-0.4324],[37.2172,-0.4428],[37.213971373375486,-0.43225948366702205]],[[37.2183,-0.4713],[37.2193,-0.4755],[37.21934902234637,-0.4755710195530843],[37.2183,-0.4713]],[[37.2354,-0.5072],[37.235,-0.517],[37.23520168353756,-0.5172149813532226],[37.2354,-0.5072]],[[37.250005665722384,-0.5381385269121846],[37.249230252100844,-0.545031092436973],[37.2504,-0.5385],[37.250005665722384,-0.5381385269121846]],[[37.249209339622645,-0.5452169811320755],[37.2492,-0.5453],[37.2503,-0.5472],[37.249209339622645,-0.5452169811320755]],[[37.266591193511005,-0.5945227114716114],[37.26314674220963,-0.6007135977337154],[37.2609,-0.6092],[37.266591193511005,-0.5945227114716114]],[[37.253689208252524,-0.6206008464115562],[37.254,-0.6203],[37.2609,-0.6092],[37.253689208252524,-0.6206008464115562]],[[37.268341176470585,-0.5929000000000024],[37.277585635359124,-0.5844050918321605],[37.2774,-0.5845],[37.268341176470585,-0.5929000000000024]],[[37.3225087912088,-0.5576890109890142],[37.3246,-0.5594],[37.3225087912088,-0.5576890109890117],[37.3225087912088,-0.5576890109890142]],[[37.3782,-0.5453],[37.37829716024341,-0.5488949290060818],[37.3784,-0.5488],[37.3782,-0.5453]],[[37.37390142517815,-0.5547087885985772],[37.3736,-0.5551],[37.37381903091428,-0.5550265950449466],[37.37390142517815,-0.5547087885985772]],[[37.4449,-0.5382],[37.4385473874466,-0.5399591850147887],[37.44541916817359,-0.53834321880651],[37.4449,-0.5382]],[[37.232627250247276,-0.6451723541048466],[37.2326,-0.6453],[37.23286022201665,-0.6457909343200758],[37.232627250247276,-0.6451723541048466]],[[37.2415,-0.6324],[37.252547979797946,-0.6217055555555844],[37.23660000000001,-0.6351999999999924],[37.2415,-0.6324]]],[[[37.4957,0.1741],[37.4959,0.1722],[37.4955,0.1705],[37.4957,0.1741]]],[[[37.49,0.1986],[37.4899,0.1982],[37.4899,0.1983],[37.49,0.1986]]],[[[37.527,0.2155],[37.5272,0.2154],[37.52735,0.2153],[37.527,0.2155]]],[[[37.4955,0.2161],[37.4963,0.2172],[37.4959,0.2165],[37.4955,0.2161]]],[[[37.5121,0.227],[37.5097,0.2261],[37.5129,0.2275],[37.5121,0.227]]],[[[37.5149,0.2315],[37.5146,0.2307],[37.5137,0.2331],[37.5149,0.2315]]],[[[37.6039,-0.3197],[37.7053,-0.3479],[37.7356,-0.3971],[37.7103,-0.4097],[37.6709,-0.3615],[37.6261,-0.3514],[37.3221,-0.1577],[37.6039,-0.3197]]],[[[37.5549,0.0745],[37.5573,0.0727],[37.5649,0.0677],[37.5574,0.0725],[37.5549,0.0745]]],[[[37.5527,0.1214],[37.5524,0.1206],[37.5528,0.1216],[37.5527,0.1214]]],[[[37.5516,0.1429],[37.5553,0.1342],[37.5509,0.1444],[37.5516,0.1429]]],[[[37.5507,0.1447],[37.5495,0.147],[37.5509,0.1444],[37.5507,0.1447]]],[[[37.549,0.1478],[37.549,0.148],[37.5492,0.1476],[37.549,0.1478]]],[[[37.5369,0.1557],[37.5374,0.1547],[37.5373,0.1545],[37.5369,0.1557]]],[[[37.5304,0.2137],[37.5277,0.2151],[37.5309,0.2137],[37.5304,0.2137]]],[[[37.5275,0.2152],[37.52735,0.2153],[37.5277,0.2151],[37.5275,0.2152]]]]}},{"type":"Feature","properties":{"NAME_1":"Kisii","name":"Kisii"},"geometry":{"type":"Polygon","coordinates":[[[34.6702,-0.966],[34.6316,-0.9591],[34.6103,-0.8529],[34.6252,-0.8238],[34.6425,-0.6291],[34.7125,-0.5529],[34.7481,-0.5536],[34.768,-0.5284],[34.8634,-0.497],[34.8895,-0.6053],[34.8436,-0.5918],[34.81760424953387,-0.6235285348042264],[34.8112,-0.661],[34.777991711229944,-0.6701644385026754],[34.9435,-0.7672],[35.0127,-0.8839],[34.6702,-0.966]],[[34.6802,-0.7181],[34.68628694267516,-0.7089254777070043],[34.68505034324943,-0.7095871526642694],[34.6802,-0.7181]],[[34.67730588235293,-0.7342176470588333],[34.6792,-0.7308],[34.679362790697674,-0.7287325581395275],[34.67730588235293,-0.7342176470588333]],[[34.6748,-0.7409],[34.6775,-0.751],[34.67494465195246,-0.7405142614601005],[34.6748,-0.7409]],[[34.6818,-0.7732],[34.6827814889336,-0.776471629778672],[34.6826588028169,-0.770981426056338],[34.6818,-0.7732]],[[34.6836,-0.7792],[34.6840821192053,-0.7797841059602699],[34.68334925373134,-0.778364179104472],[34.6836,-0.7792]],[[34.68208768328445,-0.8342281524926549],[34.6819,-0.8338],[34.681652759381905,-0.8335924944812425],[34.68208768328445,-0.8342281524926549]],[[34.6831,-0.8386],[34.68425789473684,-0.8391789473684199],[34.683234969325156,-0.8368453987730141],[34.6831,-0.8386]],[[34.6833,-0.8501],[34.6851,-0.8411],[34.68462064777328,-0.8400064777327954],[34.6833,-0.8501]],[[34.68649798903108,-0.891557038391219],[34.68693428571429,-0.89003],[34.686629849867536,-0.8900026788342659],[34.68649798903108,-0.891557038391219]],[[34.72677720207255,-0.882656476683916],[34.7245,-0.8863],[34.72515185396463,-0.8871022818026243],[34.72677720207255,-0.882656476683916]],[[34.7272,-0.8815],[34.727509090909095,-0.8777909090908306],[34.72704131777625,-0.8819340425532161],[34.7272,-0.8815]],[[34.7277,-0.8755],[34.7244,-0.8705],[34.72765619469026,-0.8760256637168147],[34.7277,-0.8755]],[[34.726457851239665,-0.8642441322314102],[34.7257,-0.8655],[34.7244,-0.8705],[34.726457851239665,-0.8642441322314102]],[[34.7328,-0.858],[34.7292,-0.8597],[34.727639660222614,-0.8622857059168121],[34.7328,-0.858]],[[34.7488,-0.85],[34.74949688385269,-0.8500906515580734],[34.748,-0.8456],[34.7488,-0.85]],[[34.7496,-0.8267],[34.7412,-0.8227],[34.74969063032368,-0.8270884156729117],[34.7496,-0.8267]],[[34.7395,-0.8184],[34.73814615384615,-0.817610256410256],[34.7412,-0.8227],[34.7395,-0.8184]],[[34.7353,-0.8052],[34.7358,-0.8137],[34.73686818181818,-0.8154803030303047],[34.7353,-0.8052]],[[34.7271,-0.7071],[34.7015,-0.7188],[34.7128,-0.7146],[34.7271,-0.7071]],[[34.74544878967966,-0.7011110450790018],[34.74545081749889,-0.7010366917071754],[34.7392,-0.7057],[34.74544878967966,-0.7011110450790018]],[[34.7472,-0.7117],[34.747435932203395,-0.7119162711864436],[34.746833201581026,-0.7092470355731204],[34.7472,-0.7117]],[[34.8623,-0.8023],[34.86538,-0.8026079999999999],[34.8601,-0.8004],[34.8623,-0.8023]],[[34.8663,-0.8027],[34.868194117647064,-0.8018352941176439],[34.86576153846154,-0.8026461538461537],[34.8663,-0.8027]],[[34.8709,-0.8006],[34.8831,-0.7771],[34.87058959751582,-0.8007417054819076],[34.8709,-0.8006]],[[34.8751,-0.8334],[34.8557,-0.8096],[34.87535678059538,-0.8338531422271434],[34.8751,-0.8334]],[[34.76184266009852,-0.854294285714287],[34.761287545787546,-0.8539443223443216],[34.7613,-0.8541],[34.76184266009852,-0.854294285714287]],[[34.7673,-0.8555],[34.766528025477704,-0.8559717622080686],[34.76904927835052,-0.8568744329896927],[34.7673,-0.8555]],[[34.7715,-0.8588],[34.7700121076233,-0.857630941704023],[34.77450330578514,-0.8622603305785258],[34.7715,-0.8588]],[[34.7761,-0.8641],[34.77595386740332,-0.8639316298342544],[34.7769,-0.868],[34.7761,-0.8641]],[[34.8122,-0.881],[34.8029,-0.8821],[34.81245179856115,-0.8812316546762594],[34.8122,-0.881]],[[34.8147,-0.8833],[34.81302834331338,-0.8817620758483089],[34.81613215613383,-0.8894022304832874],[34.8147,-0.8833]],[[34.817,-0.8931],[34.81683000663863,-0.8923756804602608],[34.8192,-0.9211],[34.817,-0.8931]],[[34.711,-0.9496],[34.7113739521667,-0.9502842529007801],[34.71022670025189,-0.9397404282115851],[34.711,-0.9496]],[[34.70812025316455,-0.9361126582278433],[34.7073,-0.9347],[34.707229653753856,-0.9347049365786767],[34.70812025316455,-0.9361126582278433]],[[34.69554689415611,-0.922680629342052],[34.6955,-0.9225],[34.6898,-0.9182],[34.69554689415611,-0.922680629342052]],[[34.8891,-0.8483],[34.88217709707823,-0.8455116085453951],[34.8824,-0.8459],[34.8891,-0.8483]],[[34.6876,-0.7078],[34.68724732006126,-0.7081022970903531],[34.6897,-0.7148],[34.6876,-0.7078]],[[34.7457,-0.6919],[34.7457,-0.6918],[34.745689285714285,-0.6922928571428342],[34.7457,-0.6919]],[[34.7496,-0.6888],[34.7524,-0.6795],[34.74950838453198,-0.6888728225515033],[34.7496,-0.6888]],[[34.7568,-0.674],[34.756664676616914,-0.6735716417910395],[34.7557,-0.6771],[34.7568,-0.674]],[[34.7468,-0.5634],[34.7446,-0.5795],[34.74750928,-0.5623087999999993],[34.7468,-0.5634]],[[34.7456,-0.5851],[34.7527,-0.5875],[34.74555678365637,-0.5848579884756442],[34.7456,-0.5851]],[[34.7577,-0.5918],[34.7619,-0.591],[34.757648608137046,-0.5917558029978582],[34.7577,-0.5918]]]}},{"type":"Feature","properties":{"NAME_1":"Kisumu","name":"Kisumu"},"geometry":{"type":"Polygon","coordinates":[[[35.0072,-0.3932],[34.9296,-0.4059],[34.9151,-0.3797],[34.8885,-0.3955],[34.8238,-0.3818],[34.811,-0.3457],[34.7857,-0.3366],[34.7856,-0.3166],[34.705,-0.2528],[34.53041793066952,-0.2665985827993159],[34.483,-0.2947],[34.4158,-0.0744],[34.533,-0.01],[34.5633,-0.0134],[34.564,-0.0348],[34.5765,-0.0318],[34.6024,0.0174],[34.6887,-0.0046],[34.6886,-0.0197],[34.7261,0.0001],[34.752340998685945,-0.028473915900131208],[34.8314,0.0301],[34.8077,-0.0152],[34.922,-0.0196],[34.9233,-0.0302],[34.9885,-0.0131],[35.0076,-0.0228],[35.0071,-0.0477],[35.0595,-0.0478],[35.0662,-0.0626],[35.0926,-0.0385],[35.1019,0.0018],[35.1502,-0.0326],[35.194,-0.0194],[35.2209,-0.0298],[35.2263,-0.1029],[35.2536,-0.1143],[35.2961,-0.1701],[35.3307,-0.1707],[35.342,-0.234],[35.3142,-0.2433],[35.2689,-0.2312],[35.2041,-0.1599],[35.1295,-0.1475],[35.1033,-0.1957],[35.0634,-0.2115],[35.051,-0.2884],[35.0048,-0.3322],[35.0072,-0.3932]],[[34.5854,-0.0392],[34.5924,-0.0524],[34.58524158415842,-0.03846495049505795],[34.5854,-0.0392]],[[34.5964,-0.0839],[34.6009,-0.0712],[34.60063060498221,-0.07034283403428838],[34.5964,-0.0839]],[[34.8737,-0.113],[34.8867,-0.1159],[34.86953935860058,-0.11308279883381923],[34.8737,-0.113]],[[34.8942,-0.1205],[34.894301526717555,-0.12048040712468154],[34.8867,-0.1159],[34.8942,-0.1205]],[[34.89972756302521,-0.11943327731092467],[34.8996,-0.1194],[34.898231707317066,-0.1197219512195135],[34.89972756302521,-0.11943327731092467]],[[34.89636578947368,-0.1603894736842137],[34.8971,-0.1599],[34.8968,-0.159],[34.89636578947368,-0.1603894736842137]],[[34.8963,-0.1606],[34.89787826086957,-0.16165217391304648],[34.8976,-0.1604],[34.8963,-0.1606]],[[34.8987,-0.1622],[34.89862279411765,-0.16186029411764755],[34.898385,-0.16199000000000097],[34.8987,-0.1622]],[[34.8984312,-0.16009519999999797],[34.89924545454545,-0.1598],[34.8983,-0.1598],[34.8984312,-0.16009519999999797]],[[35.124608092485545,-0.13815953757225374],[35.1245,-0.1376],[35.1243,-0.1397],[35.124608092485545,-0.13815953757225374]],[[35.1248,-0.1439],[35.12595505725191,-0.14513206106869794],[35.125536762020694,-0.1429667681071243],[35.1248,-0.1439]],[[35.1278,-0.1471],[35.127815748031495,-0.14708031496062932],[35.127759239130434,-0.14705652173912923],[35.1278,-0.1471]],[[35.12917419354839,-0.1453822580645124],[35.1291,-0.1449],[35.128552380952385,-0.1461595238095141],[35.12917419354839,-0.1453822580645124]],[[34.7838,-0.2578],[34.77854741807349,-0.25642008440913644],[34.78811491190374,-0.2606894499355397],[34.7838,-0.2578]],[[34.9965,-0.259],[34.99420485436893,-0.25481955617198543],[34.994,-0.2552],[34.9965,-0.259]],[[35.0,-0.2601351351351353],[35.0,-0.26],[34.9965,-0.259],[35.0,-0.2601351351351353]],[[35.00475338983051,-0.2681881355932197],[35.0033,-0.2647],[35.0047,-0.2682],[35.00475338983051,-0.2681881355932197]],[[35.0151,-0.2718],[35.00842127747823,-0.2708072169224391],[35.0088,-0.2714],[35.0151,-0.2718]],[[35.01579397590362,-0.2754939759036145],[35.0145,-0.2742],[35.0157,-0.2755],[35.01579397590362,-0.2754939759036145]],[[35.0463,-0.2758],[35.046242281879195,-0.27582147651006705],[35.04659139072848,-0.2758741721854303],[35.0463,-0.2758]],[[34.858310967741936,-0.10355612903225472],[34.8666,-0.113],[34.86682552582629,-0.1130063528401774],[34.858310967741936,-0.10355612903225472]],[[34.8597,-0.0892],[34.8605,-0.0948],[34.860732258064516,-0.08667096774193077],[34.8597,-0.0892]],[[34.879,-0.0648],[34.8988,-0.0651],[34.8095,-0.0636],[34.879,-0.0648]],[[34.8051,-0.0168],[34.807,-0.0187],[34.8052347972973,-0.01597195945946127],[34.8051,-0.0168]],[[34.8037,-0.0084],[34.80383826491092,-0.008669945778467397],[34.804329629629635,-0.006883164983160371],[34.8037,-0.0084]],[[34.8059,-0.0031],[34.80501320754717,-0.005236363636362462],[34.806720448877805,-0.0024944305901948185],[34.8059,-0.0031]],[[34.7671,-0.132],[34.76713080657207,-0.13122367438386756],[34.765,-0.1353],[34.7671,-0.132]],[[34.765874814814815,-0.04174518518518724],[34.7659,-0.0418],[34.7709,-0.0444],[34.765874814814815,-0.04174518518518724]],[[34.7845,-0.1067],[34.784153004291845,-0.10657961373390433],[34.7863,-0.1091],[34.7845,-0.1067]],[[34.78453731092437,-0.11148697478991652],[34.7858,-0.1112],[34.7863,-0.1091],[34.78453731092437,-0.11148697478991652]],[[34.76847691275168,-0.11916026845637617],[34.7815,-0.1156],[34.7693,-0.1182],[34.76847691275168,-0.11916026845637617]],[[34.76722112112112,-0.1289477477477585],[34.76756740638003,-0.12022135922329932],[34.7669,-0.121],[34.76722112112112,-0.1289477477477585]],[[34.75862631578952,-0.0321403508772201],[34.76220494752623,-0.03422788605696666],[34.7621,-0.034],[34.75862631578952,-0.0321403508772201]]]}},{"type":"Feature","properties":{"NAME_1":"Kitui","name":"Kitui"},"geometry":{"type":"Polygon","coordinates":[[[37.9058,-1.9023],[37.8849,-1.8516],[37.8926,-1.8384],[37.8395,-1.78],[37.856,-1.754],[37.8376,-1.6896],[37.8198,-1.68],[37.7727,-1.5835],[37.6948,-1.4978],[37.7739,-1.4864],[37.8198,-1.4463],[37.8047,-1.3935],[37.776,-1.36],[37.7327,-1.3413],[37.6886,-1.2395],[37.6243,-1.1472],[37.5977,-1.1312],[37.5957,-1.0868],[37.7336,-1.08],[37.793802002503135,-1.1252431789737125],[37.846,-1.0475],[37.8462,-0.9947],[37.8677,-0.9735],[37.8445,-0.964],[37.8512,-0.9335],[37.8183,-0.8998],[37.8198,-0.8826],[37.8491,-0.8325],[37.8453,-0.8108],[37.8844,-0.8069],[37.9159,-0.728],[37.8995,-0.7084],[37.8933,-0.6456],[37.9228,-0.6247],[37.8835,-0.5827],[37.8825,-0.5349],[37.9359,-0.4282],[37.9649,-0.4108],[37.9968,-0.2673],[38.1143,-0.2767],[38.1637,-0.2329],[38.1861,-0.1535],[38.2069,-0.1427],[38.2217,-0.1048],[38.2477,-0.088],[38.2731,-0.0956],[38.3047,-0.0546],[38.3833,-0.0872],[38.4193,-0.0702],[38.7865,-0.6926],[38.8185,-0.7499],[38.9612,-1.0512],[38.9991,-1.6789],[38.9581,-1.7036],[39.0137,-1.915],[38.7964,-2.3408],[38.7384,-2.3642],[38.6955,-2.4094],[38.6235,-2.4126],[39.0761,-3.041],[39.0256,-3.0206],[38.9767,-3.0393],[38.8933,-3.0377],[38.8043,-3.0683],[38.8089,-3.0527],[38.774,-3.0434],[38.6652,-3.0393],[38.6082,-2.9946],[38.4924,-2.9558],[38.428,-2.8499],[38.4181,-2.8118],[38.4321,-2.7875],[38.3388,-2.5852],[38.3381,-2.5552],[38.2884,-2.4831],[38.2744,-2.4245],[38.2226,-2.3993],[38.2111,-2.3553],[38.1171,-2.3138],[38.1116,-2.2862],[38.0753,-2.2609],[38.0485,-2.1686],[38.0205,-2.1467],[37.9646,-2.1646],[37.9593,-2.0644],[37.9139,-1.9547],[37.9187,-1.9029],[37.9058,-1.9023]],[[37.78434594290008,-1.14111491359879],[37.7857,-1.1397],[37.78670112359549,-1.1378797752809169],[37.78434594290008,-1.14111491359879]],[[37.7782,-1.1462],[37.77732837316885,-1.1484478797224411],[37.78071272333514,-1.1449114239306977],[37.7782,-1.1462]],[[37.7763,-1.1511],[37.7768,-1.1598],[37.7768,-1.1498105263157827],[37.7763,-1.1511]],[[37.86393839732888,-1.3540775737339996],[37.864,-1.354],[37.8608,-1.3517],[37.86393839732888,-1.3540775737339996]],[[37.8614,-1.3576],[37.86334285714284,-1.3592571428571285],[37.86145031055901,-1.3575366459627345],[37.8614,-1.3576]],[[37.864662980318656,-1.3603831302717901],[37.86806141906874,-1.3633594235033106],[37.8702,-1.3589],[37.864662980318656,-1.3603831302717901]],[[37.87350200729927,-1.3605757299270074],[37.8724,-1.3582],[37.87279999999999,-1.3562000000000458],[37.8723,-1.358],[37.87350200729927,-1.3605757299270074]],[[37.87318062015504,-1.354296899224804],[37.87124393939394,-1.3524395454545446],[37.8711,-1.3525],[37.87318062015504,-1.354296899224804]],[[37.87685669099756,-1.3506270072992697],[37.8761,-1.3504],[37.87174425770307,-1.3522294117647091],[37.87685669099756,-1.3506270072992697]],[[37.8839,-1.3523],[37.881,-1.3505],[37.88046428571428,-1.3511547619047626],[37.8839,-1.3523]],[[37.8864,-1.3528],[37.88668734939759,-1.3527864457831327],[37.8853,-1.3513],[37.8864,-1.3528]],[[37.897,-1.3523],[37.8970765828826,-1.3522181355392937],[37.88828910891087,-1.35271089108911],[37.897,-1.3523]],[[37.9022,-1.3551],[37.90217647058824,-1.3548882352941176],[37.90213625866051,-1.3549364896073903],[37.9022,-1.3551]],[[37.9089,-1.3459],[37.9062,-1.3447],[37.90618892508143,-1.3448716612377847],[37.9089,-1.3459]],[[37.9115,-1.3491],[37.9131,-1.3461],[37.91137317073171,-1.3490739837398373],[37.9115,-1.3491]],[[37.9391,-1.3438],[37.939233333333334,-1.3438333333333323],[37.93912972972973,-1.3437297297297321],[37.9391,-1.3438]],[[37.9415,-1.3444],[37.94395923566878,-1.3412576433121086],[37.940808064516126,-1.344227016129032],[37.9415,-1.3444]],[[37.9456,-1.3414],[37.9454,-1.3399],[37.94519238625812,-1.340095636026],[37.9456,-1.3414]],[[37.9487,-1.3446],[37.94934603174603,-1.3445650793650794],[37.948707205240176,-1.3445159388646288],[37.9487,-1.3446]],[[37.9524,-1.3444],[37.95234312267658,-1.3442420074349453],[37.95183076923077,-1.344430769230769],[37.9524,-1.3444]],[[37.951628189910984,-1.342256083086052],[37.9513,-1.3431],[37.952080813953486,-1.3435133720930208],[37.951628189910984,-1.342256083086052]],[[37.9573,-1.3387],[37.952,-1.3413],[37.95183951219512,-1.3417126829268315],[37.9573,-1.3387]],[[37.9684,-1.3391],[37.9705,-1.3375],[37.96831480206541,-1.3391151462994835],[37.9684,-1.3391]],[[38.0121,-1.3154],[38.01215157232704,-1.315291698113207],[38.0087,-1.3147],[38.0121,-1.3154]],[[38.0131,-1.3133],[38.0119,-1.31],[38.012194435075884,-1.3152016863406355],[38.0131,-1.3133]],[[38.0376,-1.2835],[38.03701917808219,-1.2787808219178145],[38.03708788343558,-1.2837276073619615],[38.0376,-1.2835]],[[38.0368,-1.277],[38.035136170212766,-1.276053900709219],[38.03683452157598,-1.2772804878048785],[38.0368,-1.277]],[[38.0317,-1.265],[38.0304,-1.2714],[38.030416304347824,-1.2714184782608697],[38.0317,-1.265]],[[38.0678,-1.1585],[38.06819255005432,-1.1682156138444824],[38.0782,-1.2223],[38.0678,-1.1585]],[[38.2296,-1.1829],[38.238,-1.2027],[38.2407,-1.203],[38.2498,-1.2017],[38.2296,-1.1829]],[[38.4692,-1.175],[38.47082068965522,-1.1739999999999708],[38.46916954933008,-1.174997563946407],[38.4692,-1.175]],[[38.4739,-1.1721],[38.4748,-1.166],[38.473806859756095,-1.1721574695121972],[38.4739,-1.1721]],[[38.6454,-1.0828],[38.6313,-1.0863],[38.631165526195204,-1.086383503894914],[38.6454,-1.0828]],[[37.8789,-1.407],[37.87889811320755,-1.4069853773584906],[37.8785,-1.425],[37.8789,-1.407]],[[37.88095006418485,-1.4743346598202824],[37.8819,-1.4693],[37.8809,-1.4743],[37.88095006418485,-1.4743346598202824]],[[37.88560939226519,-1.4985121546961322],[37.885624921135644,-1.4982015772870747],[37.8855,-1.4985],[37.88560939226519,-1.4985121546961322]],[[37.886433333333336,-1.501700000000002],[37.8874,-1.4988],[37.8863,-1.5016],[37.886433333333336,-1.501700000000002]],[[37.888765506329115,-1.5034085443037974],[37.88818571428571,-1.5030142857142819],[37.8887,-1.5034],[37.888765506329115,-1.5034085443037974]],[[37.9549,-1.4073],[37.95485483870968,-1.4075935483870916],[37.95517727272727,-1.4071636363636395],[37.9549,-1.4073]],[[37.9781,-1.3932],[37.9809,-1.3897],[37.97571459589867,-1.394058745476478],[37.9781,-1.3932]],[[37.9984,-1.3885],[37.9917,-1.3941],[37.9915951979781,-1.3945978096040383],[37.9984,-1.3885]],[[37.999373684210525,-1.3824631578947353],[37.9993,-1.3825],[37.9984,-1.3885],[37.999373684210525,-1.3824631578947353]],[[37.991166225165564,-1.3981041059602615],[37.99102701421801,-1.3972966824644675],[37.9909,-1.3979],[37.991166225165564,-1.3981041059602615]],[[37.9939,-1.3999],[37.99217659574469,-1.3988787234042617],[37.993709446254066,-1.400053908794788],[37.9939,-1.3999]],[[38.0407,-1.4148],[38.0309,-1.4082],[38.04071391354137,-1.4149716003435446],[38.0407,-1.4148]],[[38.04407407407406,-1.4473999999999758],[38.04071,-1.4400749999999976],[38.0408,-1.4406],[38.04407407407406,-1.4473999999999758]],[[38.0644,-1.469],[38.04681651308515,-1.4530958348691514],[38.0473,-1.4541],[38.0644,-1.469]],[[38.08742576419214,-1.5038838427947594],[38.079,-1.4907],[38.0873,-1.5038],[38.08742576419214,-1.5038838427947594]],[[38.15290454545455,-1.6016409090909112],[38.1554,-1.5936],[38.1527,-1.6008],[38.15290454545455,-1.6016409090909112]],[[38.15738800635424,-1.6154090548053839],[38.15392794520547,-1.6057336986300987],[38.1557,-1.6124],[38.15738800635424,-1.6154090548053839]],[[38.1723,-1.6363],[38.15969810169492,-1.6195270508474688],[38.1626,-1.6247],[38.1723,-1.6363]],[[38.36596830680174,-1.7431172214182333],[38.35891866870696,-1.7444254016832441],[38.3603,-1.7448],[38.36596830680174,-1.7431172214182333]],[[38.3778,-1.74],[38.386892848629316,-1.7331794994040544],[38.3777,-1.74],[38.3778,-1.74]],[[38.12217882719253,-1.3380909185262064],[38.1243,-1.3386],[38.1222,-1.338],[38.12217882719253,-1.3380909185262064]],[[37.8689,-0.8244],[37.86634991139989,-0.8182209391612496],[37.8662,-0.8184],[37.8689,-0.8244]],[[37.86831340206186,-0.8345237113402058],[37.86828597285068,-0.8343728506787331],[37.8682,-0.8344],[37.86831340206186,-0.8345237113402058]],[[37.8746,-0.8352],[37.868760664819945,-0.8350116343490305],[37.8693,-0.8356],[37.8746,-0.8352]],[[38.1479,-1.0064],[38.1418,-1.0045],[38.14792580016699,-1.0065748677984958],[38.1479,-1.0064]],[[38.004238056796886,-1.1593325356782462],[38.0042,-1.1594],[38.0355,-1.1667],[38.004238056796886,-1.1593325356782462]],[[37.925919607843134,-0.7409431372549028],[37.9273,-0.7387],[37.9259,-0.7409],[37.925919607843134,-0.7409431372549028]],[[37.93180116279069,-0.7395267441860454],[37.9314,-0.7393],[37.9273,-0.7387],[37.93180116279069,-0.7395267441860454]],[[37.93233815789474,-0.7398302631578973],[37.93407894736842,-0.7427315789473646],[37.9337,-0.7406],[37.93233815789474,-0.7398302631578973]],[[37.95439498806683,-0.7586768496420034],[37.9545,-0.7589],[37.958,-0.7564],[37.95439498806683,-0.7586768496420034]],[[37.9603,-0.7592],[37.96154161559889,-0.7592486908077996],[37.958,-0.7564],[37.9603,-0.7592]],[[37.9644952739726,-0.7593645205479451],[37.9654,-0.7594],[37.968222888283385,-0.7579179836512213],[37.9644952739726,-0.7593645205479451]],[[37.967216216216215,-0.7546612612612613],[37.96920809968847,-0.7574007476635526],[37.9694,-0.7573],[37.967216216216215,-0.7546612612612613]],[[37.982713969732245,-0.757283469150175],[37.983,-0.7574],[37.9853,-0.7555],[37.982713969732245,-0.757283469150175]],[[38.0016683065769,-0.7509339720352154],[38.0017,-0.751],[38.007,-0.7475],[38.0016683065769,-0.7509339720352154]],[[38.13546362554542,-0.7392276080920264],[38.1358,-0.7394],[38.1426,-0.7374],[38.13546362554542,-0.7392276080920264]],[[38.1467,-0.7336],[38.1524,-0.7316],[38.15263534482759,-0.7312258620689647],[38.1467,-0.7336]],[[38.15788514285714,-0.724579619047621],[38.1677,-0.7195],[38.1586,-0.7236],[38.15788514285714,-0.724579619047621]],[[38.274617509727626,-0.6506202334630352],[38.2771,-0.6522],[38.279290476190475,-0.6519142857142858],[38.274617509727626,-0.6506202334630352]],[[38.279456793145656,-0.6519603427172584],[38.280542857142855,-0.6531142857142783],[38.2796,-0.652],[38.279456793145656,-0.6519603427172584]],[[38.2856328358209,-0.6585223880597015],[38.2858,-0.6587],[38.297,-0.659],[38.2856328358209,-0.6585223880597015]],[[38.73216312138728,-0.698463583815032],[38.73257976190477,-0.6982232142857081],[38.7322,-0.6984],[38.73216312138728,-0.698463583815032]],[[38.73643717579251,-0.6964275216138298],[38.74313162790698,-0.6942213953488354],[38.738,-0.6957],[38.73643717579251,-0.6964275216138298]],[[38.74356635647816,-0.6940961345740875],[38.74429767666989,-0.6940535333978703],[38.7439,-0.694],[38.74356635647816,-0.6940961345740875]],[[38.74968691275168,-0.6937395973154362],[38.7538,-0.6935],[38.7502,-0.6929],[38.74968691275168,-0.6937395973154362]],[[38.757914837153194,-0.698386369119421],[38.7586,-0.6992],[38.7616,-0.6987],[38.757914837153194,-0.698386369119421]],[[38.7704,-0.7034],[38.7728,-0.7034],[38.7616,-0.6987],[38.7704,-0.7034]],[[38.7736,-0.7034],[38.7783,-0.7021],[38.7728,-0.7034],[38.7736,-0.7034]],[[38.785,-0.6967],[38.78677424528302,-0.6946111320754745],[38.7783,-0.7021],[38.785,-0.6967]]]}},{"type":"Feature","properties":{"NAME_1":"Kwale","name":"Kwale"},"geometry":{"type":"MultiPolygon","coordinates":[[[[39.3779,-4.7204],[39.3751,-4.7157],[39.3801,-4.7179],[39.3779,-4.7204]]],[[[39.3482,-4.6668],[39.4004,-4.6576],[39.4068,-4.6746],[39.3482,-4.6668]]],[[[39.2863,-4.6632],[39.2768,-4.6707],[39.2679,-4.6537],[39.2863,-4.6632]]],[[[39.2857,-4.6226],[39.2893,-4.6251],[39.2865,-4.626],[39.2857,-4.6226]]],[[[39.291,-4.6187],[39.2938,-4.621],[39.2932,-4.6218],[39.291,-4.6187]]],[[[39.2988,-4.6118],[39.294,-4.609],[39.2965,-4.6079],[39.2988,-4.6118]]],[[[39.2968,-4.6037],[39.3035,-4.6079],[39.2993,-4.609],[39.2968,-4.6037]]],[[[39.3057,-4.6012],[39.3049,-4.6037],[39.3043,-4.6007],[39.3057,-4.6012]]],[[[39.3946,-4.5779],[39.3982,-4.619],[39.4124,-4.6212],[39.4046,-4.6465],[39.306,-4.639],[39.314,-4.5801],[39.2982,-4.5996],[39.2929,-4.5796],[39.2907,-4.6146],[39.2813,-4.5937],[39.2704,-4.5868],[39.2571,-4.5901],[39.2738,-4.5929],[39.2757,-4.6254],[39.2513,-4.6243],[39.2368,-4.661],[39.2097,-4.6722],[38.445,-4.1388],[38.9461,-3.9595],[39.0353,-3.7582],[38.9305,-3.6958],[38.9685,-3.6336],[39.0561,-3.6845],[39.0873,-3.5696],[39.3183,-3.5645],[39.3473,-3.5986],[39.3473,-3.7015],[39.3635,-3.7338],[39.3919,-3.7387],[39.3795,-3.8061],[39.3995,-3.8256],[39.4195,-3.8205],[39.4975,-3.8877],[39.5483,-3.9633],[39.5397,-3.9885],[39.5699,-3.9913],[39.5642,-4.0125],[39.5835,-4.0257],[39.5851,-4.0368],[39.5732,-4.0257],[39.5663,-4.0257],[39.559,-4.0415],[39.5738,-4.0279],[39.5824,-4.0396],[39.5679,-4.0518],[39.5882,-4.0676],[39.5755,-4.12],[39.6083,-4.0873],[39.6377,-4.1182],[39.6263,-4.1416],[39.6446,-4.1535],[39.6143,-4.2032],[39.541,-4.4351],[39.5246,-4.419],[39.5004,-4.4446],[39.4507,-4.5868],[39.4362,-4.5901],[39.4354,-4.5718],[39.4329,-4.566],[39.4271,-4.5599],[39.4401,-4.5507],[39.449,-4.5259],[39.4285,-4.5329],[39.4418,-4.5385],[39.4224,-4.5585],[39.4182,-4.5524],[39.4129,-4.5504],[39.4174,-4.5807],[39.4024,-4.5901],[39.3943,-4.5774],[39.3889,-4.5888],[39.3946,-4.5779]],[[39.32431772151899,-4.414317721518984],[39.3235,-4.409462500000027],[39.3235,-4.4135],[39.32431772151899,-4.414317721518984]],[[39.3697,-4.453],[39.3673,-4.45],[39.3668037593985,-4.44978195488722],[39.3697,-4.453]],[[39.3737,-4.4709],[39.37622413793103,-4.47571880877743],[39.3725,-4.4637],[39.3737,-4.4709]],[[39.391769936034116,-4.5200140724946705],[39.3917,-4.519],[39.3885,-4.5152],[39.391769936034116,-4.5200140724946705]],[[39.391425666492424,-4.525388917929951],[39.3921,-4.5248],[39.391902298850574,-4.521933333333333],[39.391425666492424,-4.525388917929951]],[[39.374386135693214,-4.553640412979354],[39.3755,-4.5519],[39.3755,-4.547179999999978],[39.374386135693214,-4.553640412979354]],[[39.3741,-4.5553],[39.3811,-4.5562],[39.37424049586777,-4.554485123966942],[39.3741,-4.5553]],[[39.088613114754104,-4.210054918032786],[39.0889,-4.2101],[39.0859,-4.2049],[39.088613114754104,-4.210054918032786]],[[39.0845,-4.209],[39.08359727403156,-4.209266714490674],[39.0864786163522,-4.209719496855345],[39.0845,-4.209]],[[39.0795,-4.2234],[39.080182758620694,-4.224272413793103],[39.0798621399177,-4.22282962962963],[39.0795,-4.2234]],[[39.0813,-4.2257],[39.0853,-4.2251],[39.0806102189781,-4.2248186131386865],[39.0813,-4.2257]],[[39.0969,-4.2344],[39.09710559440559,-4.234351048951049],[39.09684789081886,-4.234302729528536],[39.0969,-4.2344]],[[39.10932489270386,-4.228398283261798],[39.1093,-4.228],[39.10900599078341,-4.227939861751152],[39.10932489270386,-4.228398283261798]],[[39.1329,-4.3106],[39.133371972318336,-4.311093425605535],[39.1325,-4.3056],[39.1329,-4.3106]],[[39.1467,-4.3192],[39.15058014981273,-4.315901872659176],[39.1456984962406,-4.318963533834586],[39.1467,-4.3192]],[[39.15479142857143,-4.317618412698411],[39.1547,-4.3174],[39.1525,-4.316600000000003],[39.15479142857143,-4.317618412698411]],[[39.1597,-4.324241176470588],[39.1597,-4.3238],[39.1565,-4.3217],[39.1597,-4.324241176470588]],[[39.1735,-4.3678],[39.17395454545455,-4.3685954545454635],[39.1747,-4.3617],[39.1735,-4.3678]],[[39.19238759541985,-4.383560114503816],[39.1921,-4.3839],[39.1932,-4.3869],[39.19238759541985,-4.383560114503816]],[[39.19486153846155,-4.382132692307688],[39.1932,-4.3826],[39.19290594059406,-4.3829475247524785],[39.19486153846155,-4.382132692307688]],[[39.1979,-4.385],[39.1964,-4.3817],[39.195972815533985,-4.3818201456310675],[39.1979,-4.385]],[[39.213889032258066,-4.3776990322580644],[39.2132,-4.3779],[39.2101,-4.3823],[39.213889032258066,-4.3776990322580644]],[[39.21610261627907,-4.3776673449612415],[39.2156,-4.3772],[39.21498823529412,-4.3773784313725494],[39.21610261627907,-4.3776673449612415]],[[39.224495577055976,-4.379104699378024],[39.224,-4.379],[39.2213,-4.3825],[39.224495577055976,-4.379104699378024]],[[39.3062,-4.4045],[39.30704368932039,-4.404265048543689],[39.305209999999995,-4.40351],[39.3062,-4.4045]],[[39.32189999999999,-4.405199999999998],[39.32151631419939,-4.404931419939577],[39.321504550898204,-4.4050529740518956],[39.32189999999999,-4.405199999999998]],[[39.32316969696969,-4.407501325757564],[39.3229,-4.4059],[39.3219,-4.4052000000000024],[39.32316969696969,-4.407501325757564]],[[39.518352873563224,-4.073513793103448],[39.5269,-4.0745],[39.5217,-4.0732],[39.518352873563224,-4.073513793103448]],[[39.5067,-4.0791],[39.515722023047374,-4.0737604353393095],[39.5153,-4.0738],[39.5067,-4.0791]],[[39.4161,-4.1559],[39.4177,-4.155],[39.4117,-4.1574],[39.4161,-4.1559]],[[39.3751,-4.1681],[39.37544200031903,-4.167780969851652],[39.3695,-4.1649],[39.3751,-4.1681]],[[39.321403441494596,-4.3979049164208455],[39.3219,-4.3914],[39.3207,-4.3969],[39.321403441494596,-4.3979049164208455]]],[[[39.409,-4.7007],[39.4087,-4.7049],[39.404,-4.7035],[39.409,-4.7007]]],[[[39.4135,-4.6982],[39.4157,-4.6982],[39.4135,-4.7018],[39.4135,-4.6982]]],[[[39.3949,-4.6879],[39.4068,-4.6846],[39.4007,-4.6904],[39.3949,-4.6879]]],[[[39.4285,-4.5696],[39.431,-4.5654],[39.4329,-4.5737],[39.4285,-4.5696]]],[[[39.5335,-4.4421],[39.5346,-4.4488],[39.5313,-4.4485],[39.5335,-4.4421]]],[[[39.6035,-4.0526],[39.5896,-4.0515],[39.6024,-4.0501],[39.6035,-4.0526]]],[[[39.5812,-4.0549],[39.5857,-4.0562],[39.5857,-4.0582],[39.5812,-4.0549]]]]}},{"type":"Feature","properties":{"NAME_1":"Laikipia","name":"Laikipia"},"geometry":{"type":"Polygon","coordinates":[[[37.0876,0.0267],[37.1194,-0.0173],[37.1127,-0.0314],[37.0794,0.0012],[37.0789,0.0204],[37.0256,-0.0427],[36.9778,-0.0649],[36.9855,-0.1285],[37.0194,-0.1694],[36.9878,-0.2893],[36.8716,-0.2407],[36.8566,-0.2486],[36.8394,-0.1917],[36.8717,-0.1699],[36.861,-0.1365],[36.8315,-0.1283],[36.831,-0.0976],[36.7654,-0.1027],[36.6563,-0.1468],[36.635,-0.1002],[36.5551,-0.0839],[36.5557,-0.0482],[36.5824,-0.0149],[36.6505,-0.0097],[36.632,0.0327],[36.6371,0.0209],[36.6034,0.0095],[36.5772,0.0743],[36.5235,0.0544],[36.5115,0.0931],[36.4652,0.1442],[36.4459,0.0992],[36.4011,0.062],[36.4248,0.0488],[36.3529,0.0218],[36.3474,0.0381],[36.3011,0.0094],[36.2926,0.0177],[36.2568,-0.0152],[36.269,0.0259],[36.2564,0.0623],[36.289,0.1175],[36.2545,0.1879],[36.2886,0.2118],[36.2964,0.2423],[36.2796,0.2784],[36.2257,0.3249],[36.231,0.34],[36.2614,0.3471],[36.2598,0.3802],[36.2274,0.4026],[36.2941,0.5704],[36.2779,0.637],[36.3474,0.666],[36.4051,0.7233],[36.4754,0.8431],[36.4901,0.8523],[36.4833,0.8189],[36.6759,0.8189],[36.7371,0.8342],[36.7569,0.8646],[36.7938,0.8753],[36.8192,0.86],[36.865,0.7428],[36.9148,0.7328],[36.9315,0.7468],[36.9235,0.6669],[36.8675,0.5967],[36.8677,0.5713],[37.3683,0.5143],[37.3485,0.4478],[37.3533,0.4145],[37.392,0.3593],[37.3956,0.3061],[37.3611,0.2563],[37.3479,0.1955],[37.2911,0.1619],[37.2809,0.1299],[37.2525,0.0967],[37.2351,0.1045],[37.2277,0.0777],[37.0876,0.0267]],[[36.9213,0.0038],[36.9261,0.0034],[36.92122824787099,0.003877622757745657],[36.9213,0.0038]],[[36.9559,-0.0074],[36.956153220822436,-0.007373544093178122],[36.9498,-0.0019],[36.9559,-0.0074]],[[36.9703,-0.0104],[36.97054947839046,-0.010383904619970446],[36.9626,-0.0067],[36.9703,-0.0104]],[[36.9796,-0.0098],[36.98031754385965,-0.00932163742690034],[36.97303056994818,-0.01022383419689166],[36.9796,-0.0098]],[[36.9823,-0.008],[37.0003,0.0256],[36.9817578313253,-0.008361445783136478],[36.9823,-0.008]],[[37.0407,0.0967],[37.0411,0.098],[37.040790622884224,0.09787809749492113],[37.0407,0.0967]],[[37.044194655704004,0.09443319630010678],[37.0442,0.0945],[37.0407,0.0967],[37.044194655704004,0.09443319630010678]],[[36.8063,0.137],[36.72028533089975,0.14724220915297798],[36.72028533089975,0.14724220915297778],[36.8063,0.137]]]}},{"type":"Feature","properties":{"NAME_1":"Lamu","name":"Lamu"},"geometry":{"type":"MultiPolygon","coordinates":[[[[40.5546,-2.5446],[40.5518,-2.5454],[40.5532,-2.5432],[40.5546,-2.5446]]],[[[40.5257,-2.5401],[40.5274,-2.5401],[40.5285,-2.5421],[40.5257,-2.5401]]],[[[40.8404,-2.4315],[40.8421,-2.429],[40.8426,-2.4307],[40.8404,-2.4315]]],[[[40.8071,-2.3162],[40.8079,-2.314],[40.8088,-2.3149],[40.8071,-2.3162]]],[[[40.7882,-2.3057],[40.8007,-2.3049],[40.8068,-2.3149],[40.7996,-2.309],[40.7882,-2.3057]]],[[[40.9138,-2.2993],[40.8662,-2.3029],[40.8154,-2.3346],[40.8185,-2.2804],[40.8682,-2.2463],[40.8979,-2.2554],[40.9138,-2.2993]]],[[[40.9129,-2.2801],[40.9165,-2.2785],[40.9162,-2.2854],[40.9129,-2.2801]]],[[[40.8974,-2.2237],[40.8887,-2.2307],[40.8926,-2.2185],[40.8974,-2.2237]]],[[[40.9362,-2.2054],[40.944,-2.2107],[40.9346,-2.2046],[40.9362,-2.2054]]],[[[40.9779,-2.1899],[40.9765,-2.1982],[40.9751,-2.1888],[40.9779,-2.1899]]],[[[40.8855,-2.2156],[40.8857,-2.2287],[40.891,-2.2426],[40.871,-2.2421],[40.8479,-2.2524],[40.8054,-2.2912],[40.7982,-2.2754],[40.821,-2.2465],[40.8088,-2.2485],[40.7932,-2.2804],[40.8085,-2.3104],[40.7993,-2.3035],[40.7762,-2.2996],[40.7818,-2.2635],[40.7465,-2.2515],[40.7779,-2.2657],[40.7713,-2.2982],[40.7604,-2.2949],[40.8007,-2.3193],[40.7901,-2.3332],[40.741,-2.2993],[40.7235,-2.2963],[40.7713,-2.326],[40.7776,-2.3332],[40.7757,-2.344],[40.7774,-2.3513],[40.7815,-2.3576],[40.7788,-2.3351],[40.8232,-2.364],[40.8249,-2.3929],[40.7704,-2.4543],[40.6657,-2.4666],[40.4473,-2.4005],[40.4064,-2.4338],[40.3453,-2.3986],[40.2509,-2.3976],[40.2503,-2.2475],[40.2127,-2.0375],[40.8925,-1.7165],[41.5624,-1.658],[41.459,-1.7801],[41.4863,-1.7668],[41.4804,-1.7987],[41.4532,-1.8026],[41.4562,-1.7876],[41.4368,-1.8062],[41.4471,-1.8124],[41.4293,-1.8087],[41.4368,-1.8207],[41.4285,-1.8235],[41.4121,-1.841],[41.4388,-1.8415],[41.3874,-1.8913],[41.4113,-1.8549],[41.4043,-1.8587],[41.2807,-1.9871],[41.2615,-1.9546],[41.2301,-1.9721],[41.2243,-1.9451],[41.2357,-1.9401],[41.2232,-1.9396],[41.2215,-1.9165],[41.2193,-1.9149],[41.2154,-1.9529],[41.1943,-1.9271],[41.1946,-1.9393],[41.1829,-1.9324],[41.1796,-1.9326],[41.1674,-1.9488],[41.179,-1.9354],[41.2001,-1.9474],[41.191,-1.9501],[41.1882,-1.9565],[41.2032,-1.954],[41.1932,-1.9874],[41.1832,-1.979],[41.1718,-1.9799],[41.1918,-1.9962],[41.1721,-2.0043],[41.1446,-1.9904],[41.1257,-1.9979],[41.1251,-1.9801],[41.1037,-2.0021],[41.0962,-1.9904],[41.0996,-2.0057],[41.0835,-2.0137],[41.076,-1.9974],[41.0782,-2.0182],[41.0124,-2.056],[40.979,-2.0199],[40.9857,-1.9482],[41.0174,-1.909],[41.0032,-1.9082],[40.9735,-1.939],[40.9751,-1.9893],[40.9599,-2.0171],[40.9807,-2.0662],[40.9471,-2.0849],[40.9188,-2.0335],[40.921,-1.9988],[40.7995,-1.9518],[40.824,-1.9735],[40.846,-1.9807],[40.8462,-1.9815],[40.8565,-1.989],[40.8624,-1.9912],[40.8682,-1.9979],[40.8915,-2.0082],[40.8815,-2.0146],[40.906,-2.0101],[40.9132,-2.0657],[40.8974,-2.0651],[40.9012,-2.051],[40.899,-2.0479],[40.8971,-2.0479],[40.8924,-2.0687],[40.9165,-2.0937],[40.9215,-2.2107],[40.9429,-2.2404],[40.941,-2.2215],[40.969,-2.2368],[40.976,-2.2262],[40.9904,-2.2618],[40.9465,-2.319],[40.9129,-2.314],[40.9229,-2.2887],[40.9518,-2.2885],[40.9121,-2.2646],[40.9001,-2.2368],[40.9093,-2.2199],[40.8855,-2.2156]],[[40.7451,-1.9263],[40.7485,-1.9281],[40.7431,-1.9234],[40.7451,-1.9263]]],[[[40.9201,-2.126],[40.919,-2.1279],[40.9185,-2.1246],[40.9201,-2.126]]],[[[40.9771,-2.0729],[40.9765,-2.0712],[40.9779,-2.0715],[40.9771,-2.0729]]],[[[40.906,-2.0057],[40.9049,-2.0038],[40.9068,-2.004],[40.906,-2.0057]]],[[[40.8693,-1.9937],[40.8754,-1.994],[40.8685,-1.9968],[40.8693,-1.9937]]],[[[40.8565,-1.9793],[40.8549,-1.984],[40.8518,-1.9835],[40.8565,-1.9793]]],[[[40.8488,-1.9763],[40.8537,-1.979],[40.8462,-1.981],[40.8488,-1.9763]]],[[[40.8438,-1.9776],[40.844,-1.9746],[40.8454,-1.9754],[40.8438,-1.9776]]],[[[40.8393,-1.9743],[40.8426,-1.9749],[40.839,-1.9751],[40.8393,-1.9743]]],[[[40.8168,-1.9662],[40.8201,-1.966],[40.8196,-1.969],[40.8168,-1.9662]]],[[[40.9915,-2.2276],[40.9829,-2.2299],[40.979,-2.2224],[40.9915,-2.2276]]],[[[41.0563,-2.1668],[41.0351,-2.1471],[41.0396,-2.1279],[41.0257,-2.1493],[40.9993,-2.1474],[40.9943,-2.1676],[41.016,-2.2049],[41.0001,-2.2096],[40.9799,-2.1724],[40.9682,-2.1857],[40.9701,-2.1143],[41.0024,-2.0912],[41.0478,-2.0874],[41.0865,-2.0418],[41.1232,-2.0462],[41.1629,-2.0765],[41.1676,-2.1113],[41.1321,-2.1324],[41.1357,-2.1168],[41.1182,-2.1032],[41.1279,-2.1135],[41.1113,-2.1404],[41.0454,-2.1421],[41.0563,-2.1668]],[[41.0489,-2.0874],[41.05811526717557,-2.09085572519084],[41.0534,-2.088],[41.0489,-2.0874]],[[41.06003800339126,-2.092020199236965],[41.059237025316456,-2.0974490506329104],[41.0605,-2.0923],[41.06003800339126,-2.092020199236965]],[[41.0474,-2.1266],[41.0521,-2.1104],[41.05363188479029,-2.10633461344114],[41.0523,-2.1084],[41.0474,-2.1266]]],[[[41.1282,-2.0435],[41.1479,-2.0465],[41.1501,-2.0512],[41.1282,-2.0435]]],[[[41.1957,-2.0162],[41.1976,-2.0176],[41.1963,-2.0193],[41.1957,-2.0162]]],[[[41.181,-2.029],[41.1437,-2.024],[41.1407,-2.0162],[41.1943,-2.0032],[41.181,-2.029]]],[[[41.2149,-2.0237],[41.1988,-2.0265],[41.1974,-2.0013],[41.2113,-2.009],[41.2149,-2.0237]]],[[[41.1601,-2.006],[41.154,-2.0074],[41.1543,-2.0057],[41.1601,-2.006]]],[[[41.1674,-2.0032],[41.164,-2.0057],[41.164,-2.0024],[41.1674,-2.0032]]],[[[41.1479,-2.006],[41.1501,-2.0021],[41.1504,-2.004],[41.1479,-2.006]]],[[[41.1351,-1.9968],[41.131,-1.9996],[41.1332,-1.9962],[41.1351,-1.9968]]],[[[41.1171,-1.9976],[41.1143,-2.0013],[41.116,-1.9962],[41.1171,-1.9976]]],[[[41.2137,-1.9901],[41.2215,-1.996],[41.2132,-1.9957],[41.2137,-1.9901]]],[[[41.1954,-1.9907],[41.2018,-1.9854],[41.1979,-1.9926],[41.1954,-1.9907]]],[[[41.1849,-1.9851],[41.1862,-1.9871],[41.1843,-1.9871],[41.1849,-1.9851]]],[[[41.2154,-1.9835],[41.2135,-1.9807],[41.2188,-1.9835],[41.2154,-1.9835]]],[[[41.2104,-1.961],[41.2049,-1.9657],[41.2065,-1.9585],[41.2104,-1.961]]],[[[40.981,-1.9457],[40.9801,-1.9437],[40.9826,-1.9437],[40.981,-1.9457]]],[[[41.1796,-1.9349],[41.1832,-1.9337],[41.1838,-1.9365],[41.1796,-1.9349]]],[[[41.249,-2.026],[41.2485,-2.0126],[41.2549,-2.0115],[41.249,-2.026]]],[[[41.261,-2.0165],[41.2582,-2.0215],[41.2588,-2.0137],[41.261,-2.0165]]],[[[41.2671,-1.9646],[41.2562,-1.9935],[41.2788,-1.9974],[41.3071,-1.9685],[41.2579,-2.0335],[41.2368,-2.0471],[41.259,-2.0246],[41.2676,-2.0093],[41.2471,-1.9887],[41.2671,-1.9646]]],[[[41.279,-1.9954],[41.2751,-1.9824],[41.281,-1.9918],[41.279,-1.9954]]],[[[41.244,-1.9715],[41.2446,-1.9763],[41.244,-1.9763],[41.244,-1.9715]]],[[[41.3668,-1.9107],[41.3671,-1.9079],[41.3688,-1.9085],[41.3668,-1.9107]]],[[[41.3707,-1.9035],[41.3726,-1.8996],[41.3721,-1.9029],[41.3707,-1.9035]]],[[[41.3779,-1.9026],[41.381,-1.899],[41.3788,-1.9029],[41.3779,-1.9026]]],[[[41.3882,-1.8849],[41.3887,-1.881],[41.3901,-1.8824],[41.3882,-1.8849]]],[[[41.4412,-1.8374],[41.4388,-1.8388],[41.4407,-1.8357],[41.4412,-1.8374]]],[[[41.439,-1.8374],[41.4379,-1.8351],[41.4396,-1.836],[41.439,-1.8374]]],[[[41.4265,-1.834],[41.4263,-1.8393],[41.426,-1.8329],[41.4265,-1.834]]],[[[41.4424,-1.8351],[41.4426,-1.8326],[41.4446,-1.8332],[41.4424,-1.8351]]],[[[41.4307,-1.8257],[41.4313,-1.8326],[41.4301,-1.8321],[41.4307,-1.8257]]],[[[41.4368,-1.8246],[41.4376,-1.829],[41.4368,-1.829],[41.4368,-1.8246]]],[[[41.4551,-1.8204],[41.4526,-1.8237],[41.4546,-1.8193],[41.4551,-1.8204]]],[[[41.4549,-1.8187],[41.456,-1.816],[41.456,-1.8187],[41.4549,-1.8187]]],[[[41.4754,-1.8062],[41.4776,-1.8032],[41.4751,-1.8076],[41.4754,-1.8062]]],[[[41.4946,-1.7726],[41.4946,-1.7613],[41.5121,-1.7518],[41.4946,-1.7726]]]]}},{"type":"Feature","properties":{"NAME_1":"Machakos","name":"Machakos"},"geometry":{"type":"Polygon","coordinates":[[[37.1529,-1.7775],[37.145,-1.7359],[37.1118,-1.7335],[36.962,-1.5495],[36.9776,-1.4748],[36.9416,-1.4526],[36.8887,-1.4838],[36.8783,-1.476],[36.8899,-1.4123],[36.961,-1.4421],[36.9056,-1.3618],[36.9339,-1.3364],[36.9658,-1.3518],[36.9836,-1.3125],[36.9738,-1.2872],[36.9948,-1.2791],[37.0019,-1.2984],[37.0756,-1.3013],[37.1206,-1.2327],[37.1544,-1.2193],[37.1556,-1.1932],[37.1825,-1.1626],[37.1754,-1.1134],[37.1927,-1.0922],[37.282,-1.0653],[37.3458,-1.1224],[37.3877,-1.0573],[37.4211,-1.0339],[37.4477,-1.0105],[37.4207,-1.0333],[37.4061,-1.008],[37.3383,-0.9813],[37.3667,-0.9641],[37.3546,-0.9434],[37.3426,-0.9577],[37.3168,-0.944],[37.3197,-0.9157],[37.2527,-0.8572],[37.2252,-0.8521],[37.2332,-0.8371],[37.2584,-0.8374],[37.263,-0.79],[37.2881,-0.783],[37.3273,-0.8417],[37.4125,-0.8484],[37.4132,-0.8598],[37.4741,-0.8741],[37.4766,-0.891],[37.515,-0.902],[37.5184,-0.9161],[37.5459,-0.8823],[37.5872,-0.8782],[37.6292,-0.8385],[37.6646,-0.8462],[37.6815,-0.7958],[37.7066,-0.7815],[37.7439,-0.7792],[37.7573,-0.8238],[37.788,-0.8227],[37.8056,-0.8017],[37.8084,-0.8152],[37.8448,-0.8111],[37.8491,-0.8325],[37.8181,-0.8974],[37.8511,-0.9331],[37.8446,-0.9642],[37.868,-0.9778],[37.8462,-0.9947],[37.8483,-1.0415],[37.8019,-1.1165],[37.7939,-1.125],[37.7336,-1.08],[37.5957,-1.0868],[37.5977,-1.1312],[37.6243,-1.1472],[37.6886,-1.2395],[37.7327,-1.3413],[37.776,-1.36],[37.8047,-1.3935],[37.8198,-1.4463],[37.7739,-1.4864],[37.69496069017254,-1.497636946736684],[37.7501,-1.5541],[37.7279,-1.6033],[37.6858,-1.5843],[37.6883,-1.617],[37.661,-1.6449],[37.6415,-1.5865],[37.5981,-1.5511],[37.574,-1.5651],[37.5505,-1.5369],[37.5221,-1.5382],[37.4866,-1.5152],[37.4353,-1.5318],[37.3826,-1.5181],[37.3351,-1.5599],[37.4122,-1.6891],[37.2881,-1.7115],[37.265,-1.6803],[37.2514,-1.5919],[37.2319,-1.5889],[37.175025746739585,-1.6168882625157746],[37.1966,-1.7199],[37.1529,-1.7775]],[[37.3505,-1.1268],[37.351371387283244,-1.127293786127173],[37.3458,-1.1224],[37.3505,-1.1268]],[[37.1053,-1.2733],[37.1291,-1.2984],[37.10392283737024,-1.2710621107266442],[37.1053,-1.2733]],[[37.2728,-1.3305],[37.2769,-1.3295],[37.2728,-1.3303785714285723],[37.2728,-1.3305]],[[37.3331,-1.4031],[37.3351,-1.4032],[37.333119547325104,-1.4030113854595339],[37.3331,-1.4031]],[[37.3369,-1.407],[37.34,-1.4075],[37.33672911392405,-1.4066392405063295],[37.3369,-1.407]],[[37.342991089108914,-1.4091425742574255],[37.3431,-1.4089],[37.342863440860214,-1.4090362007168455],[37.342991089108914,-1.4091425742574255]],[[37.3409,-1.4128],[37.34106906820365,-1.4134234390009603],[37.342133644859814,-1.411052336448597],[37.3409,-1.4128]],[[37.3425,-1.4187],[37.34426054421768,-1.4206072562358265],[37.341501735776276,-1.4150189006750284],[37.3425,-1.4187]],[[37.3473,-1.4239],[37.3475133233533,-1.4239455089820376],[37.34678764044942,-1.4233449438202088],[37.3473,-1.4239]],[[37.3567,-1.4284],[37.35683666352498,-1.4283125353440123],[37.3548,-1.4255],[37.3567,-1.4284]],[[37.35692793404462,-1.4282541222114407],[37.3575,-1.4272],[37.35743149606299,-1.4256244094488202],[37.35692793404462,-1.4282541222114407]],[[37.3589,-1.4318],[37.3595,-1.4277],[37.35915123152709,-1.427612807881774],[37.3589,-1.4318]],[[37.3589,-1.4344],[37.35905,-1.4350000000000098],[37.35900455764075,-1.4343638069705082],[37.3589,-1.4344]],[[37.3593,-1.436],[37.366,-1.4361],[37.359226838235294,-1.4357073529411764],[37.3593,-1.436]],[[37.3619,-1.4506],[37.36221616766467,-1.4507676646706584],[37.3643,-1.4466],[37.3619,-1.4506]],[[37.38700723453909,-1.5172242707117856],[37.387,-1.517],[37.3844,-1.5162],[37.38700723453909,-1.5172242707117856]],[[37.188033127208485,-1.4775591872791505],[37.1826,-1.4808],[37.1875,-1.4785],[37.188033127208485,-1.4775591872791505]],[[37.18911798298906,-1.4754665856622111],[37.18882053571428,-1.4761696428571502],[37.1892,-1.4755],[37.18911798298906,-1.4754665856622111]],[[37.1794,-1.4652],[37.18477008274984,-1.464241056651814],[37.1848,-1.4639],[37.1794,-1.4652]],[[37.21939748364368,-1.3588854554604877],[37.2194,-1.3592],[37.2204,-1.4012],[37.21939748364368,-1.3588854554604877]],[[37.2631,-1.3859],[37.2533,-1.3838],[37.26305,-1.3859666666666672],[37.2631,-1.3859]],[[37.3448,-1.5234],[37.3462,-1.5279],[37.34527848443843,-1.5235688768606224],[37.3448,-1.5234]],[[37.3559,-1.5218],[37.35494638671875,-1.5225719726562499],[37.35612627737226,-1.5225919708029196],[37.3559,-1.5218]],[[37.3569,-1.5253],[37.35655925925926,-1.5241074074073993],[37.356514821944174,-1.525751588065454],[37.3569,-1.5253]],[[37.3248,-1.2825],[37.3267,-1.2882],[37.32492247090421,-1.2824931960608774],[37.3248,-1.2825]],[[37.3279,-1.2806],[37.3282,-1.276],[37.32665185185185,-1.2821925925925926],[37.3279,-1.2806]],[[37.3367,-1.2714],[37.3372,-1.275],[37.337105739421865,-1.2715123586091326],[37.3367,-1.2714]],[[37.345525,-1.2725659090909087],[37.34391739130435,-1.273004347826087],[37.3451,-1.2733],[37.345525,-1.2725659090909087]],[[37.3479,-1.2651],[37.3498,-1.2685],[37.34833563556209,-1.264692652461426],[37.3479,-1.2651]],[[37.3556,-1.2579],[37.355416074887025,-1.2580719819238209],[37.356016136919315,-1.257927139364303],[37.3556,-1.2579]],[[37.3648,-1.2585],[37.359196933560476,-1.258134582623509],[37.3601,-1.2588],[37.3648,-1.2585]],[[37.3738,-1.266],[37.3749,-1.2485],[37.369279999999996,-1.2635399999999954],[37.3738,-1.266]],[[37.3443,-1.193],[37.364,-1.2252],[37.34425118059987,-1.1927415443522544],[37.3443,-1.193]],[[37.344,-1.1711],[37.345108271735306,-1.176385603660676],[37.3454,-1.1755],[37.344,-1.1711]],[[37.3667,-1.1733],[37.3662,-1.1756],[37.368261988894496,-1.1724920747097427],[37.3667,-1.1733]],[[37.3795985059761,-1.1581444792259517],[37.3731,-1.1652],[37.37994962249227,-1.158538038397928],[37.3795985059761,-1.1581444792259517]],[[37.3862,-1.1616],[37.38215844504021,-1.1606120643431632],[37.3825,-1.1611],[37.3862,-1.1616]],[[37.392975,-1.1707772727272732],[37.39205243553009,-1.1704977077363914],[37.3926,-1.1709],[37.392975,-1.1707772727272732]],[[37.41668410404624,-1.183543063583815],[37.4112,-1.1823],[37.4139,-1.1839],[37.41668410404624,-1.183543063583815]],[[37.4187,-1.184],[37.4182534351145,-1.1838987786259538],[37.41903913043478,-1.184763043478259],[37.4187,-1.184]],[[37.4203,-1.1876],[37.41973250688705,-1.1863231404958736],[37.4191,-1.1931],[37.4203,-1.1876]],[[37.4311,-1.198],[37.4272,-1.1979],[37.43105723684211,-1.1982763157894736],[37.4311,-1.198]],[[37.4358,-1.2088],[37.430252954048136,-1.2065811816192555],[37.4302,-1.207],[37.4358,-1.2088]],[[37.44611818181818,-1.2208454545454546],[37.44556821192053,-1.2208149006622515],[37.4458,-1.2211],[37.44611818181818,-1.2208454545454546]],[[37.5008,-1.2523],[37.487,-1.251],[37.500955895196505,-1.2525506550218342],[37.5008,-1.2523]],[[37.5134,-1.2636],[37.5059,-1.2605],[37.51368102189781,-1.264001459854013],[37.5134,-1.2636]],[[37.5965,-1.3314],[37.596333962264154,-1.3313679245283025],[37.599,-1.3367],[37.5965,-1.3314]],[[37.694838181818184,-1.4974181818181818],[37.6959,-1.4868],[37.6941,-1.4961],[37.694838181818184,-1.4974181818181818]],[[37.35762722820764,-1.424602252693438],[37.3603,-1.4211],[37.3578,-1.4237],[37.35762722820764,-1.424602252693438]],[[37.4238,-1.3462],[37.4241,-1.3428],[37.4240868173258,-1.3427581920903953],[37.4238,-1.3462]],[[37.3935,-1.2717],[37.3925,-1.2686],[37.392381690140844,-1.2686246478873238],[37.3935,-1.2717]],[[37.35675779036827,-1.130117138810198],[37.35573828124999,-1.1297683593749974],[37.3565,-1.1302],[37.35675779036827,-1.130117138810198]]]}},{"type":"Feature","properties":{"NAME_1":"Makueni","name":"Makueni"},"geometry":{"type":"Polygon","coordinates":[[[38.2739,-2.4238],[38.4321,-2.7877],[38.4181,-2.8118],[38.428,-2.8499],[38.514,-2.9834],[38.4582,-2.9912],[38.4087,-2.927],[38.3619,-2.898],[38.2579,-2.7576],[38.1613,-2.6792],[38.1533,-2.6982],[38.1287,-2.6981],[37.9744,-2.7874],[37.9375,-2.7708],[37.9244,-2.7087],[37.9011,-2.7015],[37.8497,-2.6039],[37.7964,-2.5424],[37.8874,-2.4983],[37.7959,-2.5419],[37.5962,-2.312],[37.6699,-2.288],[37.6749,-2.228],[37.7239,-2.1885],[37.6991,-2.1643],[37.5925,-2.1528],[37.5336,-2.1058],[37.4624,-2.0854],[37.3818,-2.0223],[37.2806,-1.994],[37.2653,-1.9577],[37.2349,-1.9347],[37.1867,-1.9332],[37.1703,-1.9161],[37.1413,-1.8116],[37.1966,-1.7199],[37.175,-1.6169],[37.2514,-1.5919],[37.265,-1.6803],[37.28814791802353,-1.7114795189092973],[37.3314,-1.6981],[37.3575,-1.7069],[37.41911073825503,-1.6918832214765012],[37.3351,-1.5599],[37.3796,-1.5189],[37.435,-1.5318],[37.4866,-1.5152],[37.5221,-1.5382],[37.5505,-1.5369],[37.574,-1.5651],[37.5971,-1.5511],[37.6417,-1.5868],[37.6606,-1.6449],[37.6883,-1.617],[37.6858,-1.5843],[37.719,-1.6085],[37.7538,-1.5662],[37.8376,-1.6896],[37.856,-1.7538],[37.8378393258427,-1.7803382022471865],[37.8932,-1.8396],[37.8873,-1.8584],[37.9014,-1.863],[37.9058,-1.9023],[37.9187,-1.9029],[37.9096,-1.934],[37.9593,-2.0644],[37.9645,-2.1641],[38.0213,-2.147],[38.0503,-2.1709],[38.0755,-2.2612],[38.1116,-2.2862],[38.1171,-2.3138],[38.1364,-2.3206],[38.125,-2.3275],[38.1474,-2.3211],[38.189,-2.3403],[38.2111,-2.3553],[38.2226,-2.3993],[38.2739,-2.4238]],[[37.445223076923085,-2.031961538461542],[37.4478,-2.0335],[37.448023684210526,-2.0333618421052626],[37.445223076923085,-2.031961538461542]],[[37.438795999999996,-2.033051999999997],[37.4391,-2.0333],[37.4411,-2.0295],[37.438795999999996,-2.033051999999997]],[[37.46102211580964,-1.88312905554737],[37.4609,-1.8834],[37.4646,-1.8957],[37.46102211580964,-1.88312905554737]],[[37.5871,-1.7778],[37.5883,-1.7768],[37.586757142857145,-1.7775714285714288],[37.5871,-1.7778]],[[37.5951,-1.771],[37.5937,-1.7677],[37.594772289698604,-1.7713067926225843],[37.5951,-1.771]],[[37.59676189164371,-1.7659776859504117],[37.5966,-1.7658],[37.5937,-1.7677],[37.59676189164371,-1.7659776859504117]],[[37.65603333333333,-1.7479333333333338],[37.6557,-1.7476],[37.65549279279279,-1.7477171171171175],[37.65603333333333,-1.7479333333333338]],[[37.656,-1.7535],[37.65616744186047,-1.753850830564789],[37.65665333333333,-1.7485533333333358],[37.656,-1.7535]],[[37.66785402173913,-1.7561317391304347],[37.6677,-1.7558],[37.665,-1.7565],[37.66785402173913,-1.7561317391304347]],[[37.6683,-1.7629],[37.669,-1.7586],[37.66811763285025,-1.7566995169082151],[37.6683,-1.7629]],[[37.7466,-1.7675],[37.745,-1.7675],[37.7386,-1.7691],[37.7466,-1.7675]],[[37.7528,-1.7731],[37.756105118110234,-1.7737466535433066],[37.7497,-1.7718],[37.7528,-1.7731]],[[37.762,-1.7749],[37.763178291814945,-1.7742560498220648],[37.76094792079208,-1.7746941584158418],[37.762,-1.7749]],[[37.8151,-1.783],[37.81548198051948,-1.7832056818181812],[37.8152,-1.7786],[37.8151,-1.783]],[[37.81610326086957,-1.7835402173913046],[37.8341,-1.7853],[37.8345018399264,-1.7847667893284267],[37.81610326086957,-1.7835402173913046]],[[37.44499430352536,-2.0169686156491835],[37.4579,-2.0016],[37.445,-2.0168],[37.44499430352536,-2.0169686156491835]],[[37.5595,-2.0046],[37.563605518269945,-1.9900440715883754],[37.5634,-1.9903],[37.5595,-2.0046]],[[37.5687,-1.9837],[37.567836173539185,-1.9847757084229034],[37.57664844074844,-1.9824243243243236],[37.5687,-1.9837]],[[37.57702499999999,-1.981725000000015],[37.57843706896552,-1.9791025862068963],[37.578,-1.9788],[37.57702499999999,-1.981725000000015]],[[37.57964210526317,-1.9799368421052692],[37.58067191780822,-1.9810602739725947],[37.5806,-1.9806],[37.57964210526317,-1.9799368421052692]],[[37.594435943060496,-1.988196441281139],[37.5981,-1.9928],[37.5945,-1.9882],[37.594435943060496,-1.988196441281139]],[[37.6037,-2.0104],[37.6051,-2.0103],[37.60523551251009,-2.009970056497176],[37.6037,-2.0104]],[[37.60666659436009,-2.006485683297169],[37.6074,-2.0047],[37.60705506139154,-2.0038095770804993],[37.60666659436009,-2.006485683297169]],[[37.6155,-1.948],[37.63,-1.9522],[37.6217,-1.9495],[37.6155,-1.948]],[[37.6435,-1.9656],[37.64361574716843,-1.9655260504201686],[37.63,-1.9522],[37.6435,-1.9656]],[[37.6593,-1.9778],[37.657,-1.9804],[37.657016778523484,-1.980463758389265],[37.6593,-1.9778]],[[37.65724342105263,-1.9813249999999847],[37.6575,-1.9823],[37.65770861287398,-1.9823070716228468],[37.65724342105263,-1.9813249999999847]],[[37.8806,-2.1233],[37.8824,-2.1184],[37.882207092198584,-2.1178212765957514],[37.8806,-2.1233]],[[37.88277456647399,-2.115886705202312],[37.882842925278226,-2.115860413354531],[37.8828,-2.1158],[37.88277456647399,-2.115886705202312]],[[37.41968242368178,-1.6927645698427467],[37.4207,-1.6985],[37.4199,-1.6931],[37.41968242368178,-1.6927645698427467]],[[37.42404295704296,-1.7017202797202813],[37.4235,-1.7002],[37.4207,-1.6985],[37.42404295704296,-1.7017202797202813]],[[37.42626752021563,-1.7038632075471678],[37.430844032258065,-1.708271774193549],[37.4288,-1.7051],[37.42626752021563,-1.7038632075471678]],[[37.433599499999985,-1.7125474999999708],[37.43455062022901,-1.7142349713740497],[37.4346,-1.7141],[37.433599499999985,-1.7125474999999708]],[[37.4354,-1.7184],[37.4346,-1.7211],[37.434811742424245,-1.7213412878787877],[37.4354,-1.7184]],[[37.44557165354331,-1.7292543307086614],[37.445815363128496,-1.7272244413407807],[37.4453,-1.7292],[37.44557165354331,-1.7292543307086614]],[[37.45760911750366,-1.7361211116528523],[37.4583,-1.7364],[37.45934637526653,-1.7362683368869936],[37.45760911750366,-1.7361211116528523]],[[37.48429102702703,-1.7303588108108128],[37.4872,-1.7343],[37.4844,-1.7301],[37.48429102702703,-1.7303588108108128]],[[37.48910572390572,-1.7343952861952863],[37.4892,-1.7344],[37.4908,-1.733],[37.48910572390572,-1.7343952861952863]],[[37.6128,-1.7174],[37.62757409559018,-1.7157143649326643],[37.6275,-1.7156],[37.6128,-1.7174]]]}},{"type":"Feature","properties":{"NAME_1":"Mandera","name":"Mandera"},"geometry":{"type":"Polygon","coordinates":[[[40.9786,2.1784],[40.9203,2.1881],[40.8329,2.2881],[40.7379,2.3141],[40.6655,2.3911],[40.6617,2.4283],[40.6135,2.4643],[40.4999,2.7201],[40.5199,2.7403],[40.5207,2.7761],[40.4943,2.7999],[40.4931,2.8687],[40.2688,2.9733],[40.0335,3.2373],[39.7857,3.3453],[39.7792,3.6865],[39.8619,3.8641],[40.1908,4.0361],[40.3846,4.101],[40.7752,4.2772],[40.9369,4.1483],[41.057,4.0264],[41.1721,3.9617],[41.2151,3.9749],[41.5558,3.9557],[41.9007,3.9853],[41.9262,4.0023],[41.3281,3.1586],[40.9866,2.8194],[40.9786,2.1784]],[[40.2773,3.7691],[40.2777612716763,3.7708791907514425],[40.2733,3.7657],[40.2773,3.7691]],[[40.283266666666684,3.768790476190467],[40.2785,3.7717],[40.27838962264151,3.771577358490565],[40.283266666666684,3.768790476190467]],[[40.294216362960206,3.7610951283004868],[40.2939,3.7623],[40.29310405482582,3.762785836664761],[40.294216362960206,3.7610951283004868]],[[40.3021,3.7293],[40.3033,3.7265],[40.29906253968255,3.742638412698364],[40.3021,3.7293]],[[40.3061,3.7254],[40.3061152,3.7254051999999995],[40.3033,3.7265],[40.3061,3.7254]],[[40.4456,3.3331],[40.4499,3.3337],[40.4412,3.3331],[40.4456,3.3331]],[[40.9348,3.1297],[40.93243089005235,3.1295104712041883],[40.93243913043478,3.1295032608695648],[40.9348,3.1297]],[[40.2833,2.9863],[40.27544146341464,2.982807317073173],[40.29458962655603,2.9888253112033234],[40.2833,2.9863]],[[40.2985,2.9897],[40.296450561797755,2.9892415730337083],[40.3105,2.9869],[40.2985,2.9897]],[[40.6017,2.8555],[40.6075,2.8545],[40.613833564013845,2.8553636678200696],[40.6017,2.8555]],[[40.61772154648132,2.8553199826238056],[40.6365,2.8503],[40.6195,2.8553],[40.61772154648132,2.8553199826238056]],[[40.6459,2.8499],[40.64840526315789,2.8503],[40.6365,2.8503],[40.6459,2.8499]],[[40.79575495750708,2.9870433427762015],[40.7975,2.9891],[40.79754112149533,2.990333644859817],[40.79575495750708,2.9870433427762015]],[[40.79765514993481,2.9937544980443254],[40.7977,2.9951],[40.79586677115987,2.9972567398119176],[40.79765514993481,2.9937544980443254]],[[40.7279,3.0563],[40.722497785977865,3.0669243542435343],[40.7227,3.0647],[40.7279,3.0563]],[[40.72221764705882,3.0700058823529415],[40.7237,3.0789],[40.7221,3.0713],[40.72221764705882,3.0700058823529415]],[[40.3251,3.7535],[40.3099,3.7267],[40.3141,3.7325],[40.3251,3.7535]],[[41.0945,3.4877],[41.07853858267716,3.5209070866141836],[41.0787,3.5201],[41.0945,3.4877]],[[41.083143672839505,3.4246881172839516],[41.0849,3.4331],[41.0828,3.4258],[41.083143672839505,3.4246881172839516]],[[41.2315,3.2723],[41.2289309063893,3.271681872213967],[41.23671580547112,3.272379027355623],[41.2315,3.2723]],[[41.2447,3.2725],[41.24155155555555,3.2724522962962963],[41.2595,3.2689],[41.2447,3.2725]],[[40.9277,3.1403],[40.921384096646236,3.159969527587436],[40.9213,3.1569],[40.9277,3.1403]],[[40.9367,3.1869],[40.939261194029854,3.1959495522388117],[40.9383,3.1947],[40.9367,3.1869]],[[40.94142578616353,3.1987635220125794],[40.9509,3.2057],[40.9423,3.1999],[40.94142578616353,3.1987635220125794]],[[40.9933,3.6013],[40.9987,3.6063],[40.9961,3.6039],[40.9933,3.6013]],[[41.0557,3.7203],[41.0813,3.7321],[41.0667,3.7263],[41.0557,3.7203]],[[41.1157,3.7353],[41.0947,3.7343],[41.0813,3.7321],[41.1157,3.7353]],[[41.246250282485875,3.911180225988709],[41.2461,3.9217],[41.2455,3.9139],[41.246250282485875,3.911180225988709]],[[41.2517,3.9313],[41.2485,3.9277],[41.2461,3.9217],[41.2517,3.9313]],[[41.25620422535212,3.933167605633805],[41.2559,3.9331],[41.2517,3.9313],[41.25620422535212,3.933167605633805]]]}},{"type":"Feature","properties":{"NAME_1":"Marsabit","name":"Marsabit"},"geometry":{"type":"Polygon","coordinates":[[[37.9464,1.2636],[37.9515,1.3875],[37.8535,1.4593],[37.8428,1.4294],[37.654,1.4048],[37.6112,1.3789],[37.5989,1.3952],[37.5823,1.3691],[37.3589,1.7296],[37.3053,1.7517],[37.2739,1.8697],[37.2343,1.8719],[37.1715,1.9273],[37.1613,1.9643],[37.0115,1.9845],[36.9475,2.0269],[36.9175,2.0187],[36.9189,2.1014],[36.8949,2.1927],[36.8447,2.2749],[36.7597,2.5155],[36.7002,2.5126],[36.6987,2.4543],[36.6855,2.4578],[36.6445,2.4175],[36.6395,2.3937],[36.6243,2.4146],[36.6083,2.3957],[36.593,2.4173],[36.5604,2.4006],[36.5402,2.4097],[36.5244,2.451],[36.5302,2.5264],[36.5149,2.5605],[36.4383,2.6341],[36.4339,2.683],[36.4473,2.7095],[36.4293,2.723],[36.3807,2.8431],[36.2827,2.8964],[36.2548,2.9704],[36.2477,2.9507],[36.1341,2.9685],[36.1374,2.9843],[36.1239,2.9849],[36.1527,3.0865],[36.1385,3.1515],[36.1517,3.2147],[36.0521,3.2385],[36.0521,4.4492],[36.8388,4.444],[37.0394,4.3617],[37.1237,4.2828],[37.2481,4.2175],[38.0025,3.7222],[38.1203,3.6085],[38.1885,3.618],[38.4372,3.6013],[38.4488,3.6265],[38.4762,3.6109],[38.5174,3.6263],[38.5136,3.647],[38.5328,3.6527],[38.5724,3.6034],[38.6097,3.6111],[38.6624,3.5949],[38.6779,3.6215],[38.7124,3.5691],[38.8959,3.5115],[38.9469,3.5129],[38.9627,3.5282],[39.0153,3.5128],[39.0808,3.5386],[39.2005,3.4791],[39.3143,3.4688],[39.2987,3.4399],[39.3395,3.2712],[39.3453,3.0707],[39.2897,3.0375],[39.2455,2.9855],[39.1249,2.9369],[39.1121,2.8841],[39.0673,2.8831],[39.0625,2.7383],[39.0037,2.6103],[38.9789,2.5691],[38.8881,2.5437],[38.9339,2.3739],[38.9365,2.1585],[38.9612,2.0998],[38.3847,1.7619],[38.3415,1.5787],[37.9464,1.2636]],[[38.1445,2.3039],[38.1565,2.2989],[38.15864285714286,2.298989285714286],[38.1445,2.3039]],[[38.1613,2.2991],[38.1679,2.3021],[38.1592185840708,2.2990132743362834],[38.1613,2.2991]],[[38.1907,2.3071],[38.19161,2.3076849999999998],[38.1857,2.3067],[38.1907,2.3071]]]}},{"type":"Feature","properties":{"NAME_1":"Meru","name":"Meru"},"geometry":{"type":"Polygon","coordinates":[[[37.7689,-0.1506],[37.7315,-0.1988],[37.6441,-0.213],[37.5799,-0.1801],[37.3128,-0.1503],[37.5733,-0.0271],[37.3102,-0.1478],[37.1362,-0.0328],[37.0876,0.0267],[37.2201,0.0733],[37.2351,0.1045],[37.2525,0.0967],[37.2911,0.1619],[37.3395,0.1835],[37.3611,0.2563],[37.4009,0.2963],[37.5362,0.2643],[37.5505,0.3209],[37.573,0.3288],[37.6187,0.2467],[37.573,0.3289],[37.5929,0.3403],[37.6141,0.3271],[37.5931,0.3403],[37.6049,0.3539],[37.5983,0.4029],[37.5823,0.4115],[37.5867,0.4805],[37.9025,0.5921],[38.0625,0.6711],[38.1583,0.3695],[38.1757,0.3307],[38.1957,0.3221],[38.1921,0.2345],[38.2963,0.1597],[38.3249,0.0745],[38.3491,0.0594],[38.3565,0.0203],[38.4011,-0.017],[38.4193,-0.0689],[38.3833,-0.0872],[38.3485,-0.0639],[38.3277,-0.0676],[38.2869,-0.027],[38.2433,-0.0195],[38.2179,0.0133],[38.1147,0.0545],[38.0813,0.0287],[38.0437,0.0275],[38.0183,0.0589],[37.9815,0.0676],[37.9773,0.0897],[37.9857,0.0443],[37.9525,0.0535],[37.88967532817526,0.012082248109189083],[37.8961,-0.0039],[37.9351,-0.001],[37.9227,-0.0266],[37.9363,-0.0377],[37.9331,-0.0658],[37.8057,-0.1821],[37.7689,-0.1506]],[[37.4005,-0.075],[37.4941,0.0051],[37.367381141045975,-0.10170047543580474],[37.4005,-0.075]],[[37.580277157360406,0.04578324873096459],[37.5785,0.0465],[37.573311660329544,0.04314765525982836],[37.580277157360406,0.04578324873096459]],[[37.6106,0.0728],[37.6095,0.0783],[37.6103,0.071],[37.6106,0.0728]],[[37.6579,0.1478],[37.6501,0.145],[37.6453,0.1427],[37.6579,0.1478]],[[37.678068466522674,0.14987127429805652],[37.6783,0.1499],[37.67776774193547,0.15032580645162694],[37.678068466522674,0.14987127429805652]],[[37.7531,0.0538],[37.753634246575345,0.0536931506849317],[37.753497452229304,0.05471910828025478],[37.7531,0.0538]],[[37.8001,0.0411],[37.8043,0.0415],[37.799880392156865,0.04131960784313734],[37.8001,0.0411]],[[37.8379,0.0488],[37.8397,0.0463],[37.83760275229358,0.05014495412844218],[37.8379,0.0488]],[[37.8581,0.0303],[37.8615153846154,0.02854615384614595],[37.8557,0.0321],[37.8581,0.0303]],[[37.6501,0.0082],[37.6439,0.0033],[37.650780410022776,0.008411161731206271],[37.6501,0.0082]],[[37.6559,0.01],[37.651736633663376,0.008707920792081797],[37.65940774487471,0.010614350797265162],[37.6559,0.01]],[[37.6736,0.0131],[37.6732208110176,0.01303358837031356],[37.67367539598733,0.013061562829989349],[37.6736,0.0131]],[[37.70076086956521,0.007079710144929935],[37.69,0.0125],[37.6959,0.0087],[37.70076086956521,0.007079710144929935]],[[37.7061,0.0053],[37.7105,0.007],[37.704399082568806,0.0058669724770643175],[37.7061,0.0053]],[[37.7204,0.0065],[37.7155,0.008],[37.71515384615385,0.007930769230769344],[37.7204,0.0065]],[[37.72842537313433,0.008637313432835993],[37.7283,0.0087],[37.726,0.0066],[37.72842537313433,0.008637313432835993]],[[37.733160699417155,0.008365278934221277],[37.73123717948718,0.007917948717948578],[37.732,0.0077],[37.733160699417155,0.008365278934221277]],[[37.7548,0.0144],[37.744906214689266,0.010277589453860715],[37.7453,0.0101],[37.7548,0.0144]],[[37.789,0.0145],[37.7798,0.0121],[37.78907613293051,0.014443444108762093],[37.789,0.0145]],[[37.7925,0.0119],[37.790856060606046,0.01312121212122103],[37.7972,0.0075],[37.7925,0.0119]],[[37.5781,-0.0229],[37.58575778087927,-0.021594696441032978],[37.5838,-0.0214],[37.5781,-0.0229]],[[37.94219927007299,0.12455255474452785],[37.9435,0.1233],[37.944808439490444,0.1225695859872608],[37.94219927007299,0.12455255474452785]],[[37.9013,0.2563],[37.8937293670886,0.24638607594936646],[37.8931,0.2449],[37.9013,0.2563]],[[37.82974324324324,0.1494675675675669],[37.82747777777777,0.1511666666666693],[37.8279,0.1503],[37.82974324324324,0.1494675675675669]],[[37.8435,0.1467],[37.83274950495049,0.14810990099009888],[37.8341,0.1475],[37.8435,0.1467]],[[37.8197,0.0905],[37.8164,0.0962],[37.81964726068633,0.09003853100542672],[37.8197,0.0905]],[[37.67080186915888,0.15843925233645495],[37.6715,0.1565],[37.67311422351234,0.154909869375902],[37.67080186915888,0.15843925233645495]],[[37.52735,0.2153],[37.5272,0.2154],[37.527,0.2155],[37.52735,0.2153]],[[37.5275,0.2152],[37.5277,0.2151],[37.52735,0.2153],[37.5275,0.2152]],[[37.5277,0.2151],[37.5306,0.2135],[37.5309,0.2137],[37.5277,0.2151]],[[37.5388,0.1583],[37.5369,0.1557],[37.5373,0.1545],[37.5388,0.1583]],[[37.549,0.1478],[37.5492,0.1476],[37.5489,0.1482],[37.549,0.1478]],[[37.5495,0.147],[37.5498,0.1461],[37.5509,0.1444],[37.5495,0.147]],[[37.5509,0.1444],[37.5547,0.1351],[37.5553,0.1342],[37.5509,0.1444]],[[37.5528,0.1216],[37.5524,0.1209],[37.5524,0.1206],[37.5528,0.1216]],[[37.557,0.0728],[37.5573,0.0727],[37.5555,0.0756],[37.5549,0.0745],[37.557,0.0728]],[[37.4955,0.1705],[37.4961,0.1733],[37.4957,0.1741],[37.4955,0.1705]],[[37.4899,0.1982],[37.49,0.1986],[37.4899,0.1983],[37.4899,0.1982]],[[37.4955,0.2161],[37.4959,0.2165],[37.4963,0.2172],[37.4955,0.2161]],[[37.5097,0.2261],[37.5119,0.2269],[37.5129,0.2275],[37.5097,0.2261]],[[37.5146,0.2307],[37.5144,0.2322],[37.5137,0.2331],[37.5146,0.2307]],[[37.891760240963855,0.3532542168674698],[37.8891,0.3547],[37.8825,0.3559],[37.891760240963855,0.3532542168674698]]]}},{"type":"Feature","properties":{"NAME_1":"Migori","name":"Migori"},"geometry":{"type":"Polygon","coordinates":[[[34.7325,-1.3902],[34.3791,-1.184],[34.0775,-1.0262],[34.041,-1.0492],[34.0165,-1.004],[33.9312,-1.0042],[33.9457,-0.993],[33.9364,-0.8009],[34.0796,-0.8012],[34.0865,-0.7811],[34.1419,-0.7729],[34.1979,-0.7385],[34.2541,-0.8151],[34.2859,-0.8214],[34.3198,-0.8611],[34.3821,-0.8422],[34.3868,-0.8107],[34.46390047676768,-0.8588680565656605],[34.4859,-0.7816],[34.5322,-0.7364],[34.5341,-0.698],[34.5568,-0.6622],[34.5892,-0.6452],[34.6366,-0.657],[34.6252,-0.8238],[34.6103,-0.8529],[34.6231,-0.9406],[34.642,-0.9627],[34.5885,-1.005],[34.6179,-1.07],[34.6256,-1.1488],[34.6867,-1.2053],[34.7325,-1.3902]],[[34.5775,-1.0012],[34.57508567639257,-1.00100424403183],[34.5885,-1.005],[34.5775,-1.0012]],[[34.5962,-1.0549],[34.596217705643674,-1.0549317226115822],[34.5967,-1.0449],[34.5962,-1.0549]],[[34.33005277207392,-0.9930741273100617],[34.3296,-0.9931],[34.3288448630137,-0.994027739726025],[34.33005277207392,-0.9930741273100617]],[[34.33334,-0.9932399999999965],[34.333255128205124,-0.9927307692307715],[34.3331,-0.9929],[34.33334,-0.9932399999999965]],[[34.3354,-0.99],[34.335211475409835,-0.9889065573770303],[34.33527952380952,-0.9901314285714318],[34.3354,-0.99]],[[34.3445,-0.9829],[34.3351,-0.9869],[34.33510610169491,-0.9870098305084748],[34.3445,-0.9829]],[[34.38502614213198,-0.9858098984771575],[34.3848,-0.9855],[34.377,-0.9861],[34.38502614213198,-0.9858098984771575]],[[34.598,-1.069],[34.59797128205128,-1.0687271794871795],[34.5962,-1.0676],[34.598,-1.069]],[[34.597243750000004,-1.061815625],[34.5972,-1.0619],[34.59733953488372,-1.0627255813953491],[34.597243750000004,-1.061815625]],[[34.5987,-1.0597],[34.598512161115416,-1.0593694035631263],[34.59782874251497,-1.0606874251497047],[34.5987,-1.0597]],[[34.37979015317287,-1.174590590809625],[34.3753,-1.1817],[34.3795,-1.1757],[34.37979015317287,-1.174590590809625]],[[34.3921,-1.1365],[34.3866,-1.1552],[34.39223933333333,-1.1364022222222228],[34.3921,-1.1365]],[[34.4233,-1.1218],[34.4218,-1.1228],[34.424397669256386,-1.1217106548279685],[34.4233,-1.1218]],[[34.4319,-1.1211],[34.426052298352126,-1.1215759757155246],[34.4431,-1.1227],[34.4319,-1.1211]],[[34.507940788984,-1.1050908541123916],[34.4897,-1.1155],[34.5082,-1.1057],[34.507940788984,-1.1050908541123916]],[[34.5062,-1.1032],[34.50776848030019,-1.1046859287054451],[34.5062,-1.101],[34.5062,-1.1032]],[[34.5062,-1.101],[34.5065,-1.101],[34.4969,-1.1007],[34.5062,-1.101]],[[34.51225740740741,-1.0983],[34.512,-1.0983],[34.51,-1.1036],[34.51225740740741,-1.0983]],[[34.514,-1.0983],[34.51292222222222,-1.0983],[34.51460625,-1.098570647321429],[34.514,-1.0983]],[[34.53778085501859,-1.101893308550185],[34.5272,-1.0992],[34.5376,-1.102],[34.53778085501859,-1.101893308550185]],[[34.5637,-1.0915],[34.56263913043478,-1.0917],[34.564198305084744,-1.0917],[34.5637,-1.0915]],[[34.5784,-1.0974],[34.570907525655635,-1.09439281641961],[34.5742,-1.0965],[34.5784,-1.0974]],[[34.6117,-1.1422],[34.607919095477385,-1.1422994974874374],[34.608,-1.1426],[34.6117,-1.1422]],[[34.617789820359285,-1.1509964071856291],[34.6177,-1.1492],[34.6117,-1.1422],[34.617789820359285,-1.1509964071856291]],[[34.6213,-1.1516],[34.61794200477327,-1.151216229116945],[34.618,-1.1513],[34.6213,-1.1516]],[[34.522684162895935,-1.254219909502257],[34.5256,-1.2526],[34.52579765355417,-1.2518785645272612],[34.522684162895935,-1.254219909502257]],[[34.6018,-1.2519],[34.6068,-1.2494],[34.60796071428572,-1.2482392857142814],[34.6018,-1.2519]],[[34.60851052631579,-1.247689473684212],[34.6086,-1.2476],[34.6050111111111,-1.2456481481481392],[34.60851052631579,-1.247689473684212]],[[34.602914285714284,-1.2444249999999997],[34.60325555555555,-1.242633333333353],[34.6027,-1.2443],[34.602914285714284,-1.2444249999999997]],[[34.6034,-1.2422],[34.6109,-1.2408],[34.61117744807122,-1.2398667655786357],[34.6034,-1.2422]],[[34.61137678018576,-1.2391962848297167],[34.612,-1.2371],[34.611,-1.2294],[34.61137678018576,-1.2391962848297167]],[[34.62031745406824,-1.2125655511810973],[34.6204,-1.2125],[34.6241,-1.2051],[34.62031745406824,-1.2125655511810973]],[[34.6295,-1.2002],[34.6333,-1.1915],[34.633291003787875,-1.1914208333333334],[34.6295,-1.2002]],[[34.6343,-1.1729],[34.6318,-1.1783],[34.63456369294606,-1.1727298755186724],[34.6343,-1.1729]],[[34.63745668380463,-1.1697663239074534],[34.6384,-1.1688],[34.6377,-1.1649],[34.63745668380463,-1.1697663239074534]],[[34.33389044368601,-0.9940197952218434],[34.3343,-0.9946],[34.3361,-0.993],[34.33389044368601,-0.9940197952218434]],[[34.33975194805195,-0.993961038961039],[34.3407,-0.9969],[34.3399,-0.994],[34.33975194805195,-0.993961038961039]],[[34.3468,-0.999],[34.3483,-1.0034],[34.348478826614226,-1.003345198295641],[34.3468,-0.999]],[[34.3545,-1.0015],[34.3586,-1.006],[34.358665625,-1.0058593750000002],[34.3545,-1.0015]],[[34.37836751188589,-1.0029469096671946],[34.378751618122976,-1.0028791262135919],[34.3784,-1.0027],[34.37836751188589,-1.0029469096671946]],[[34.380158823529406,-1.0035960044395111],[34.383738939197926,-1.0065681759379004],[34.3837,-1.0054],[34.380158823529406,-1.0035960044395111]],[[34.3839,-1.0114],[34.38382287581699,-1.0090862745098164],[34.38037924528302,-1.0190283018867925],[34.3839,-1.0114]],[[34.4009,-1.06],[34.4124,-1.0719],[34.41240816628762,-1.071901607870101],[34.4009,-1.06]],[[34.439807155742635,-1.0547482260974141],[34.43987262658228,-1.0542745253164574],[34.4398,-1.0546],[34.439807155742635,-1.0547482260974141]],[[34.44244827586207,-1.0427318007662847],[34.445002994011986,-1.0433562874251527],[34.4425,-1.0425],[34.44244827586207,-1.0427318007662847]],[[34.44605276292335,-1.0437154188948297],[34.4476,-1.0471],[34.4463,-1.0438],[34.44605276292335,-1.0437154188948297]],[[34.4604,-1.045700000000003],[34.460400000000064,-1.0457000000000656],[34.4604,-1.0457],[34.4604,-1.045700000000003]],[[34.4641092039801,-1.049599419568823],[34.464135883171075,-1.0501774687065353],[34.4643,-1.0498],[34.4641092039801,-1.049599419568823]],[[34.4678,-1.0599],[34.468,-1.0599],[34.4669,-1.057],[34.4678,-1.0599]],[[34.47609487179487,-1.0779589743589741],[34.473293457943925,-1.0772887850467285],[34.4733,-1.0774],[34.47609487179487,-1.0779589743589741]],[[34.476227638190956,-1.0782814070351794],[34.475660377358494,-1.080487421383641],[34.4764,-1.0787],[34.476227638190956,-1.0782814070351794]],[[34.4752,-1.0816],[34.4738,-1.0803],[34.47350862068966,-1.080378448275862],[34.4752,-1.0816]],[[34.47318461538461,-1.080465680473373],[34.4712,-1.081],[34.46959862068966,-1.0832241379310275],[34.47318461538461,-1.080465680473373]],[[34.46952326283988,-1.0833288016112814],[34.4694,-1.0835],[34.4716,-1.0859],[34.46952326283988,-1.0833288016112814]],[[34.487630892678034,-1.0975165496489467],[34.4877,-1.0976],[34.4962,-1.0986],[34.487630892678034,-1.0975165496489467]],[[34.565290694626476,-1.0055444298820444],[34.56469894957983,-1.0053575630252098],[34.5648,-1.0058],[34.565290694626476,-1.0055444298820444]],[[34.5738,-1.0009],[34.57196065573771,-1.0020704918032752],[34.57415304022451,-1.000928624883068],[34.5738,-1.0009]],[[34.5109,-0.9031],[34.50963053018175,-0.90203056785008],[34.5128,-0.9107],[34.5109,-0.9031]],[[34.5579,-0.9828],[34.5543,-0.9736],[34.55263965125094,-0.9724045489006805],[34.5579,-0.9828]],[[34.35695280898876,-0.9732846441947548],[34.3565,-0.9729],[34.355809375,-0.9727510416666673],[34.35695280898876,-0.9732846441947548]],[[34.3501416909621,-0.9701061224489789],[34.34952658377738,-0.9692780935464802],[34.3497,-0.9699],[34.3501416909621,-0.9701061224489789]],[[34.33814668674699,-0.956334638554216],[34.3416,-0.9515],[34.3379,-0.9559],[34.33814668674699,-0.956334638554216]],[[34.3402,-0.9089],[34.33699072323026,-0.9015375415282414],[34.3367,-0.9018],[34.3402,-0.9089]],[[34.3261,-0.8677],[34.3264390682901,-0.868000317628377],[34.327167533380184,-0.8635269149683752],[34.3261,-0.8677]],[[34.5751,-0.8648],[34.5785,-0.8627],[34.57507077338129,-0.8646853417266191],[34.5751,-0.8648]],[[34.58028478374153,-0.8642706096925478],[34.5801,-0.8712],[34.581,-0.8649],[34.58028478374153,-0.8642706096925478]],[[34.58250070921986,-0.8750411347517729],[34.5798,-0.8816],[34.5826,-0.8752],[34.58250070921986,-0.8750411347517729]],[[34.536400879765395,-0.7249214076246306],[34.53953846153846,-0.7299415384615471],[34.5379,-0.7259],[34.536400879765395,-0.7249214076246306]],[[34.54026501079913,-0.7317336933045302],[34.5409,-0.7389],[34.5409,-0.7333],[34.54026501079913,-0.7317336933045302]],[[34.5453,-0.743],[34.5472,-0.7474],[34.54729983361065,-0.7473805879090394],[34.5453,-0.743]],[[34.5799,-0.8366],[34.5741,-0.8385],[34.57385037537538,-0.8388810060060045],[34.5799,-0.8366]],[[34.57363739130433,-0.8392060869565464],[34.5722,-0.8414],[34.57224836020011,-0.8418207337409621],[34.57363739130433,-0.8392060869565464]],[[34.57305582524272,-0.8502245145631092],[34.571,-0.852],[34.5731,-0.8506],[34.57305582524272,-0.8502245145631092]]]}},{"type":"Feature","properties":{"NAME_1":"Mombasa","name":"Mombasa"},"geometry":{"type":"MultiPolygon","coordinates":[[[[39.6329,-4.1242],[39.6083,-4.0873],[39.5959,-4.1137],[39.5751,-4.1199],[39.5932,-4.064],[39.6379,-4.051],[39.6457,-4.0738],[39.666,-4.0835],[39.6771,-4.0826],[39.6449,-4.1529],[39.6263,-4.1416],[39.6329,-4.1242]]],[[[39.6668,-4.0299],[39.6826,-4.0643],[39.6729,-4.0796],[39.6411,-4.0406],[39.5871,-4.0507],[39.5924,-4.0262],[39.5642,-4.0125],[39.5693,-3.975],[39.5995,-3.9499],[39.6491,-3.9583],[39.6437,-3.9246],[39.6993,-3.9205],[39.7027,-3.9437],[39.764,-3.9618],[39.7279,-4.006],[39.7083,-4.0001],[39.7318,-4.0196],[39.6954,-4.064],[39.6738,-4.0432],[39.6816,-4.0344],[39.6437,-4.0163],[39.6518,-4.0307],[39.6379,-4.0385],[39.6668,-4.0299]],[[39.617999364406785,-4.006270550847459],[39.6174,-4.0061],[39.5998,-4.0052],[39.617999364406785,-4.006270550847459]],[[39.63000917520742,-4.010006344558322],[39.6297,-4.0096],[39.62151507352936,-4.007270955882338],[39.63000917520742,-4.010006344558322]],[[39.6221,-3.9972],[39.6229,-3.9967],[39.6232,-3.9962],[39.6221,-3.9972]],[[39.6247,-3.9942],[39.624,-3.9955],[39.6249,-3.9937],[39.6247,-3.9942]],[[39.604228160162194,-3.964479128231121],[39.6041,-3.9647],[39.6055299899699,-3.9650237713139407],[39.604228160162194,-3.964479128231121]],[[39.612391780821916,-3.967894520547945],[39.613657798165136,-3.9687385321100925],[39.6136,-3.9684],[39.612391780821916,-3.967894520547945]],[[39.614015023474174,-3.970830851777323],[39.61342536023054,-3.9763484149855945],[39.6143,-3.9725],[39.614015023474174,-3.970830851777323]],[[39.61286655348047,-3.981577249575553],[39.6128,-3.9822],[39.6264,-3.9882],[39.61286655348047,-3.981577249575553]],[[39.6254,-3.9905],[39.6249,-3.9925],[39.6264,-3.9882],[39.6254,-3.9905]]]]}},{"type":"Feature","properties":{"NAME_1":"Murang'a","name":"Murang'a"},"geometry":{"type":"Polygon","coordinates":[[[37.2312,-1.0118],[37.1545,-1.0473],[37.1241,-1.0475],[37.063,-1.0064],[37.0515,-1.0277],[37.0324,-1.0226],[36.8883,-0.8911],[36.7507,-0.8273],[36.7219,-0.7968],[36.7194,-0.7731],[36.7367,-0.7738],[36.7066,-0.6912],[36.7081,-0.581],[36.733,-0.5608],[36.8013,-0.5626],[36.8856,-0.6055],[36.9862,-0.5701],[37.0491,-0.5901],[37.1203,-0.6408],[37.1687,-0.6305],[37.1786,-0.6619],[37.2012,-0.6588],[37.2141,-0.685],[37.2256,-0.6678],[37.2378,-0.6624],[37.2703,-0.7525],[37.2554,-0.756],[37.2674,-0.7852],[37.2584,-0.8374],[37.2332,-0.8371],[37.2252,-0.8521],[37.2527,-0.8572],[37.3192,-0.9153],[37.3168,-0.944],[37.3426,-0.9577],[37.3546,-0.9434],[37.3667,-0.9641],[37.3383,-0.9813],[37.4061,-1.008],[37.4211,-1.0299],[37.3626,-1.0894],[37.3108,-1.0615],[37.2645,-1.0117],[37.2312,-1.0118]],[[36.730398061613016,-0.6873243682935298],[36.7304,-0.6873],[36.7243,-0.6828],[36.730398061613016,-0.6873243682935298]],[[36.80772987457241,-0.7950981755986316],[36.8083,-0.7943],[36.80571055045872,-0.7902254587156009],[36.80772987457241,-0.7950981755986316]],[[36.80955418933623,-0.7995003264417854],[36.8101,-0.799],[36.80862779874214,-0.79726490566038],[36.80955418933623,-0.7995003264417854]],[[36.8103,-0.8013],[36.8119629318394,-0.801709337068161],[36.810053972281864,-0.8007063244192839],[36.8103,-0.8013]],[[36.8168,-0.8055],[36.81753333333333,-0.8058666666666644],[36.8168,-0.8053680000000022],[36.8168,-0.8055]],[[36.8214,-0.8078],[36.8282,-0.809],[36.82028,-0.8072399999999984],[36.8214,-0.8078]],[[36.83857567567568,-0.8110648648648668],[36.8386,-0.811],[36.8364,-0.8122],[36.83857567567568,-0.8110648648648668]],[[36.8442,-0.8182],[36.84426053268765,-0.8181612590799032],[36.8408,-0.8172],[36.8442,-0.8182]],[[36.8489,-0.8148],[36.85015401621224,-0.8140019896831248],[36.84706129032258,-0.8136387096774191],[36.8489,-0.8148]],[[36.8557,-0.8157],[36.85713977501005,-0.8151891120932103],[36.85341089108911,-0.8145554455445548],[36.8557,-0.8157]],[[36.8608,-0.8167],[36.861391304347826,-0.8159115942028987],[36.85978997400669,-0.8156394727070186],[36.8608,-0.8167]],[[36.8631,-0.8192],[36.86246738966901,-0.8160944583751263],[36.86188765338871,-0.8159959410987356],[36.8631,-0.8192]],[[36.862,-0.8138],[36.8549,-0.8024],[36.8624502502888,-0.8160103195995525],[36.862,-0.8138]],[[36.85737160493827,-0.7965740740740762],[36.8571,-0.7969],[36.8549,-0.8024],[36.85737160493827,-0.7965740740740762]],[[36.862,-0.7967],[36.8581,-0.7957],[36.857969636963695,-0.7958564356435642],[36.862,-0.7967]],[[36.872212195121946,-0.7929707317073214],[36.8703,-0.7942],[36.870294086589226,-0.7947144667370616],[36.872212195121946,-0.7929707317073214]],[[36.87341218130312,-0.7926875354107649],[36.8731,-0.7924],[36.87249402985075,-0.7927895522388057],[36.87341218130312,-0.7926875354107649]],[[36.9107,-0.7997],[36.9137,-0.7985],[36.91065246669067,-0.7996796903132884],[36.9107,-0.7997]],[[36.93386842105263,-0.7979],[36.9337,-0.7979],[36.9333,-0.7997],[36.93386842105263,-0.7979]],[[36.943578774752474,-0.7994404702970296],[36.9391,-0.7979],[36.934490000000004,-0.7979],[36.943578774752474,-0.7994404702970296]],[[37.0812,-0.8713],[37.081861798941794,-0.8714311111111103],[37.0717,-0.8636],[37.0812,-0.8713]],[[37.1204,-0.8813],[37.12300383064516,-0.8812173387096774],[37.11950173759758,-0.8808611936539914],[37.1204,-0.8813]],[[37.125408424631665,-0.8811410023926456],[37.1407,-0.8683],[37.12510257088847,-0.8811507120352867],[37.125408424631665,-0.8811410023926456]],[[37.01015172413793,-0.7778572413793169],[37.0095,-0.7789],[37.00990709745763,-0.779667478813556],[37.01015172413793,-0.7778572413793169]],[[37.0157,-0.777],[37.017022885222886,-0.7758068094068085],[37.01038554216868,-0.7774831325301201],[37.0157,-0.777]],[[37.020211196372514,-0.7729310777816536],[37.02008712021136,-0.7729247688243066],[37.01997134416543,-0.7731474150664771],[37.020211196372514,-0.7729310777816536]],[[37.18208727272727,-0.7449200000000004],[37.182,-0.7446],[37.1784,-0.7457],[37.18208727272727,-0.7449200000000004]],[[37.18783675276753,-0.7437037638376385],[37.1866,-0.7434],[37.18485145228215,-0.7443352697095448],[37.18783675276753,-0.7437037638376385]],[[37.192311522965355,-0.7448655922643046],[37.1923,-0.7448],[37.19187346938775,-0.744695238095236],[37.192311522965355,-0.7448655922643046]],[[37.253347126436786,-0.7779659770114944],[37.2533,-0.7779],[37.2474,-0.7776],[37.253347126436786,-0.7779659770114944]],[[37.2622,-0.782],[37.26261552511416,-0.781776255707763],[37.2548,-0.78],[37.2622,-0.782]],[[36.87146130653266,-0.821350753768846],[36.8693,-0.8186],[36.8714,-0.8214],[36.87146130653266,-0.821350753768846]],[[37.0963,-0.9585],[37.0963,-0.9609],[37.09649242761692,-0.9583984409799556],[37.0963,-0.9585]],[[37.1002,-0.9565],[37.1081,-0.9464],[37.098223287671225,-0.9574849315068548],[37.1002,-0.9565]],[[37.1074,-0.9615],[37.10758254342698,-0.9616674458503102],[37.1039,-0.9548],[37.1074,-0.9615]],[[37.1217,-0.9749],[37.12126178594879,-0.9744897570584441],[37.1276,-0.9834],[37.1217,-0.9749]],[[37.18691818181817,-1.0048090909090879],[37.18597327102804,-1.0045222429906553],[37.186,-1.0046],[37.18691818181817,-1.0048090909090879]],[[37.2066126582279,-1.0025594936708502],[37.20409,-1.0045],[37.2043,-1.0045],[37.2066126582279,-1.0025594936708502]],[[37.2154,-0.9958],[37.21461111111112,-0.9964068376068344],[37.218671568627414,-0.9944078431372715],[37.2154,-0.9958]],[[37.2201,-0.9938],[37.219654803788906,-0.9939894451962106],[37.2283,-0.9934],[37.2201,-0.9938]],[[37.22931186440678,-0.9755067796610173],[37.229396183206106,-0.9748442748091793],[37.2293,-0.9754],[37.22931186440678,-0.9755067796610173]],[[37.12572230433322,-0.8811310379576753],[37.1267,-0.8811],[37.12991315789473,-0.8793197368421101],[37.12572230433322,-0.8811310379576753]],[[37.13625442204854,-0.8765790209790211],[37.13915667870037,-0.8760119133573998],[37.1369,-0.8763],[37.13625442204854,-0.8765790209790211]],[[37.144480222841224,-0.8753323119777158],[37.1482722972973,-0.8754052364864864],[37.1463,-0.8751],[37.144480222841224,-0.8753323119777158]],[[37.156928856382976,-0.8755717087765957],[37.1584,-0.8756],[37.1695,-0.8709],[37.156928856382976,-0.8755717087765957]],[[36.8301,-0.7101],[36.82941420781581,-0.71006437443199],[36.833,-0.714],[36.8301,-0.7101]],[[36.8415,-0.7162],[36.8387,-0.7176],[36.84160838709678,-0.7163396989247311],[36.8415,-0.7162]],[[36.8717990665837,-0.7277801493466087],[36.871779768786126,-0.7277832369942203],[36.87240000000011,-0.7288545454547424],[36.8717990665837,-0.7277801493466087]],[[36.8727,-0.6967],[36.8652,-0.7058],[36.87279909138564,-0.6967205661366416],[36.8727,-0.6967]],[[36.8879,-0.6949],[36.878,-0.6978],[36.88798861959958,-0.6949600983491385],[36.8879,-0.6949]],[[36.9008,-0.6993],[36.89710669676448,-0.7006190368698266],[36.8977,-0.701],[36.9008,-0.6993]],[[36.94333595505618,-0.7085977528089891],[36.941,-0.7073],[36.9431,-0.7087],[36.94333595505618,-0.7085977528089891]],[[36.96254344692006,-0.7094040629095788],[36.9635,-0.7181],[36.9631,-0.7104],[36.96254344692006,-0.7094040629095788]],[[36.958337964458806,-0.7068668820678515],[36.96169512966477,-0.7078860215053747],[36.9612,-0.707],[36.958337964458806,-0.7068668820678515]],[[36.9568,-0.7064],[36.95688169761273,-0.7064248010610068],[36.95686302083333,-0.70604192708335],[36.9568,-0.7064]],[[36.959,-0.6939],[36.9587798195242,-0.6951510254306634],[36.95916433189655,-0.6937553879310357],[36.959,-0.6939]],[[36.9615,-0.6917],[36.96073946957878,-0.6923692667706709],[36.963492141453834,-0.69127858546169],[36.9615,-0.6917]],[[36.9667,-0.6906],[36.96542108108108,-0.6908705405405406],[36.96877899322362,-0.6911990319457891],[36.9667,-0.6906]],[[37.0998,-0.7046],[37.1043,-0.7009],[37.099567016491754,-0.7043337331334338],[37.0998,-0.7046]],[[37.11808272620446,-0.7007387779083414],[37.1181,-0.7009],[37.1244,-0.7037],[37.11808272620446,-0.7007387779083414]],[[37.0368,-0.6141],[37.03375882691202,-0.6200842438182865],[37.0342,-0.6201],[37.0368,-0.6141]],[[37.0490902458057,-0.6179421771361683],[37.0406,-0.6126],[37.0483,-0.618],[37.0490902458057,-0.6179421771361683]],[[37.056,-0.6162],[37.050727200000004,-0.6178223999999998],[37.0524,-0.6177],[37.056,-0.6162]],[[37.060120896300155,-0.6136448671182909],[37.0569,-0.6114],[37.056763798219585,-0.6121264094955494],[37.060120896300155,-0.6136448671182909]],[[36.87363888888889,-0.730994444444445],[36.8737,-0.7311],[36.8757,-0.7307],[36.87363888888889,-0.730994444444445]],[[36.89397804878049,-0.7455663838812299],[36.8947,-0.7461],[36.8977,-0.745],[36.89397804878049,-0.7455663838812299]],[[36.8998,-0.7482],[36.8998323943662,-0.7481985915492956],[36.8977,-0.745],[36.8998,-0.7482]],[[36.911963839122485,-0.7481100182815357],[36.91307593052109,-0.7487968982630245],[36.9126,-0.7481],[36.911963839122485,-0.7481100182815357]],[[37.0059,-0.7667],[37.00977086903305,-0.7668682986536108],[37.0084,-0.7662],[37.0059,-0.7667]]]}},{"type":"Feature","properties":{"NAME_1":"Nairobi","name":"Nairobi"},"geometry":{"type":"Polygon","coordinates":[[[36.961,-1.4421],[36.8197,-1.379],[36.7489,-1.3824],[36.6928,-1.3506],[36.6635,-1.3173],[36.6937,-1.2539],[36.7184,-1.2566],[36.7292,-1.2278],[36.7467,-1.2307],[36.7567,-1.2125],[36.7783,-1.2203],[36.791,-1.1889],[36.83377630057804,-1.212277745664739],[36.8629,-1.1882],[36.8991,-1.1909],[36.8877,-1.1712],[36.8978,-1.1584],[36.9418,-1.1731],[36.91223744210901,-1.205166227288921],[36.9568,-1.2271],[37.0127,-1.2328],[37.0627,-1.2027],[37.1034,-1.2619],[37.0773,-1.2815],[37.0756,-1.3013],[37.0019,-1.2984],[36.9948,-1.2791],[36.9738,-1.2872],[36.9836,-1.3125],[36.9658,-1.3518],[36.9339,-1.3364],[36.9056,-1.3618],[36.961,-1.4421]],[[36.7608,-1.2682],[36.76071386061081,-1.2679729052466715],[36.7575,-1.2686],[36.7608,-1.2682]],[[36.7597,-1.2653],[36.7594255319149,-1.2651528214616108],[36.759831754874654,-1.2656473537604447],[36.7597,-1.2653]],[[36.81175177993528,-1.2726171521035599],[36.8152,-1.2671],[36.8117,-1.2725],[36.81175177993528,-1.2726171521035599]],[[36.8402717341482,-1.2598331550802162],[36.8419,-1.2583],[36.84511407169611,-1.2488820224718693],[36.8402717341482,-1.2598331550802162]],[[36.8588,-1.2606],[36.8641,-1.2549],[36.8555,-1.2605],[36.8588,-1.2606]],[[36.87716435643564,-1.2465920792079208],[36.877,-1.2466],[36.876,-1.2496],[36.87716435643564,-1.2465920792079208]],[[36.86421111111111,-1.281044444444445],[36.8644,-1.281],[36.8699,-1.2782],[36.86421111111111,-1.281044444444445]],[[36.88561465648855,-1.2923922276197057],[36.885887282930156,-1.2922476529915814],[36.8816,-1.2746],[36.88561465648855,-1.2923922276197057]],[[36.8885,-1.3037],[36.88817777720341,-1.3043260842594981],[36.8993,-1.3214],[36.8885,-1.3037]],[[36.8673,-1.31],[36.86715997842503,-1.310102049622437],[36.86736926952141,-1.3100166246851384],[36.8673,-1.31]],[[36.8559,-1.3138],[36.85332708333333,-1.3138659722222223],[36.85613501427212,-1.3140169362511893],[36.8559,-1.3138]],[[36.851,-1.3269],[36.8822,-1.3473],[36.851351586243666,-1.3262470541189006],[36.851,-1.3269]],[[36.7063601242236,-1.3024922981366465],[36.6941,-1.295],[36.7063,-1.3027],[36.7063601242236,-1.3024922981366465]],[[36.7474,-1.3011],[36.76046325581395,-1.2961465116279065],[36.7312,-1.3061],[36.7474,-1.3011]],[[36.8234,-1.2974],[36.82424233463037,-1.2991333073930378],[36.81299054640069,-1.2754198612315548],[36.8234,-1.2974]],[[36.8222,-1.3013399999999964],[36.823,-1.3003],[36.8222,-1.2975],[36.8222,-1.3013399999999964]],[[36.8432,-1.2651],[36.8583,-1.2635],[36.8421,-1.262],[36.8458,-1.2778],[36.8432,-1.2651]],[[36.8506,-1.2919],[36.8402,-1.2898],[36.8377,-1.2895],[36.8506,-1.2919]],[[36.83111099790231,-1.3124518130056941],[36.8316,-1.3134],[36.839979678770966,-1.3184861731843678],[36.83111099790231,-1.3124518130056941]],[[36.7782,-1.3151],[36.77976261682243,-1.3146880373831775],[36.777684859154924,-1.3144911971830986],[36.7782,-1.3151]],[[36.78884602851324,-1.3122933197556006],[36.7888,-1.3121],[36.7874129963899,-1.3126711191335738],[36.78884602851324,-1.3122933197556006]],[[36.8,-1.315],[36.7997,-1.3159],[36.800099358974364,-1.3149871794871788],[36.8,-1.315]],[[36.8051,-1.3146],[36.80564454454455,-1.3142716716716707],[36.80376192170819,-1.3145145907473308],[36.8051,-1.3146]],[[36.8151,-1.3103],[36.815395061728395,-1.309650864197529],[36.81393592085236,-1.3103727549467277],[36.8151,-1.3103]],[[36.8076,-1.3075],[36.8156,-1.3092],[36.80725454545455,-1.3067659090909103],[36.8076,-1.3075]],[[36.815,-1.3028],[36.8068,-1.3058],[36.80691089108911,-1.3060356435643548],[36.815,-1.3028]],[[36.821,-1.3029],[36.82130279898219,-1.302506361323157],[36.82018955732123,-1.3028864926220205],[36.821,-1.3029]],[[36.8605,-1.3082],[36.8562,-1.298],[36.860277264421825,-1.3084711563560456],[36.8605,-1.3082]],[[36.7516296875,-1.289369249999998],[36.7539,-1.2861],[36.7513,-1.289],[36.7516296875,-1.289369249999998]],[[36.7539,-1.2835],[36.753732142857146,-1.2830785714285726],[36.7539,-1.2861],[36.7539,-1.2835]],[[36.8346,-1.2136],[36.834023696682465,-1.2126748815165893],[36.8345,-1.2182],[36.8346,-1.2136]],[[36.8462,-1.2457],[36.8437,-1.2413],[36.84613529630318,-1.2458895968790682],[36.8462,-1.2457]],[[36.8937,-1.2556],[36.8884,-1.2583],[36.896252941176456,-1.2548098039215723],[36.8937,-1.2556]],[[36.8988,-1.2542],[36.9021,-1.253],[36.9091,-1.2546],[36.8988,-1.2542]],[[36.9336,-1.2506],[36.9137,-1.2564],[36.91348278688523,-1.2564778688524632],[36.9336,-1.2506]],[[36.8973,-1.2695],[36.90885611474585,-1.2581364871665819],[36.9084,-1.2583],[36.8973,-1.2695]],[[36.906,-1.2774],[36.902,-1.2795],[36.90083107394367,-1.280621214788726],[36.906,-1.2774]],[[36.9119,-1.2884],[36.91213274336283,-1.2884],[36.906,-1.2774],[36.9119,-1.2884]],[[36.9145494117647,-1.2878564705882372],[36.9131,-1.2884],[36.9145,-1.2884],[36.9145494117647,-1.2878564705882372]],[[36.9201,-1.2706],[36.9207,-1.2747],[36.92041903898459,-1.2703919310970067],[36.9201,-1.2706]],[[36.92405128205128,-1.2680230769230778],[36.922399999999996,-1.2691000000000008],[36.924,-1.2683],[36.92405128205128,-1.2680230769230778]],[[36.93730454018994,-1.263152073198981],[36.93337098321343,-1.263904076738609],[36.9374,-1.2636],[36.93730454018994,-1.263152073198981]],[[36.92556231454006,-1.2391192878338282],[36.9228,-1.2375],[36.9253,-1.2392],[36.92556231454006,-1.2391192878338282]],[[36.918588842975204,-1.2384793388429758],[36.917500000000025,-1.2378571428571603],[36.9185,-1.2385],[36.918588842975204,-1.2384793388429758]],[[36.9111,-1.2346],[36.91243,-1.2349600000000003],[36.9055,-1.231],[36.9111,-1.2346]],[[36.8956,-1.2121],[36.87043140356783,-1.2347962975429112],[36.895860669077756,-1.2120041410488254],[36.8956,-1.2121]],[[36.88560603869455,-1.2465944498729724],[36.8853,-1.2462],[36.87872050113896,-1.24651708428246],[36.88560603869455,-1.2465944498729724]],[[36.8895,-1.2521],[36.88975764705882,-1.2519454117647049],[36.88801968190854,-1.2497053677932253],[36.8895,-1.2521]],[[36.90320825806452,-1.2362996129032255],[36.9032,-1.2363],[36.9016,-1.2374],[36.90320825806452,-1.2362996129032255]],[[36.8662,-1.2418],[36.85354672,-1.2540169600000006],[36.8575,-1.2514],[36.8662,-1.2418]]]}},{"type":"Feature","properties":{"NAME_1":"Nakuru","name":"Nakuru"},"geometry":{"type":"Polygon","coordinates":[[[35.7125,-0.5532],[35.6812,-0.6453],[35.6422,-0.6951],[35.5984,-0.6491],[35.5872,-0.5831],[35.4139,-0.2969],[35.5291,-0.2545],[35.5723,-0.2772],[35.581,-0.3031],[35.5944,-0.2714],[35.6046,-0.2883],[35.6311,-0.2825],[35.675,-0.183],[35.6704,-0.1577],[35.6409,-0.1442],[35.6105,-0.1529],[35.5971,-0.1236],[35.6231,-0.0972],[35.6152,-0.0783],[35.6579,-0.0456],[35.6523,-0.0724],[35.6889,-0.0684],[35.6934,-0.103],[35.7298,-0.1513],[35.72427443181819,-0.19890852272727172],[35.772,-0.1882],[35.7904,-0.157],[35.7905,-0.1061],[35.8071,-0.0932],[35.8221,-0.1124],[35.8773,-0.0297],[35.9171,-0.0763],[35.9289,-0.071],[35.9785,0.021],[35.9302,0.075],[35.9406,0.101],[35.9621,0.092],[35.9657,0.0621],[36.0,0.0656],[36.0069,0.036],[36.0936,-0.0059],[36.1136,0.0109],[36.1063,0.0664],[36.128,0.0645],[36.1483,0.1907],[36.1974,0.2033],[36.1981,0.2234],[36.1796,0.2336],[36.2026,0.24],[36.2603,0.1813],[36.289,0.1175],[36.2564,0.0623],[36.269,0.0259],[36.2467,-0.1117],[36.2207,-0.0992],[36.2194,-0.1069],[36.2008,-0.1302],[36.2118,-0.1972],[36.2461,-0.2486],[36.2128,-0.2635],[36.2249,-0.3401],[36.2629,-0.3364],[36.2758,-0.3864],[36.3116,-0.3627],[36.3139,-0.3798],[36.3601,-0.372],[36.3862,-0.4213],[36.403,-0.5665],[36.4514,-0.5596],[36.4679,-0.6205],[36.5119,-0.6045],[36.5441,-0.6907],[36.5207,-0.7046],[36.5616,-0.8358],[36.5442,-0.9018],[36.5726,-0.9257],[36.5615,-0.9329],[36.6001,-0.9872],[36.5912,-1.0579],[36.537,-1.1488],[36.3356,-1.0408],[36.2638,-0.9085],[36.2057,-0.9278],[36.1855,-0.9087],[36.1583,-0.8313],[36.1883,-0.7982],[36.1928,-0.7599],[36.0998,-0.6704],[36.0974,-0.6333],[36.0281,-0.6728],[36.0117,-0.6571],[35.9458,-0.7074],[35.9303,-0.6992],[35.8762,-0.6317],[35.9161,-0.6295],[35.9508,-0.6598],[35.9826,-0.6248],[35.947,-0.5507],[35.9045,-0.5399],[35.8321,-0.4885],[35.8367,-0.4613],[35.8145,-0.4702],[35.813,-0.4522],[35.7982,-0.4505],[35.7735,-0.5313],[35.7416,-0.5234],[35.7125,-0.5532]],[[36.2115,-0.115],[36.2048,-0.1141],[36.2124,-0.1155],[36.2115,-0.115]],[[35.8698,-0.2748],[35.8653,-0.2737],[35.861,-0.2745],[35.8698,-0.2748]],[[36.0421,-0.3728],[36.0203,-0.3605],[36.0002,-0.3493],[36.0421,-0.3728]],[[36.0081,-0.2907],[36.0097,-0.2895],[35.9998,-0.2908],[36.0081,-0.2907]],[[36.054092527672054,-0.2452048884388421],[36.0535,-0.2451],[36.0434,-0.2522],[36.054092527672054,-0.2452048884388421]],[[36.0736,-0.3171],[36.0779,-0.3131],[36.073406220839814,-0.3166950233281483],[36.0736,-0.3171]],[[36.0938,-0.3043],[36.0884,-0.3064],[36.08829284653466,-0.30663353960395934],[36.0938,-0.3043]],[[36.0925,-0.3934],[36.0941,-0.3059],[36.0938,-0.3043],[36.0925,-0.3934]],[[36.0903,-0.4534],[36.0916,-0.4573],[36.09044059900167,-0.45333871325568376],[36.0903,-0.4534]],[[36.0892,-0.4614],[36.0913,-0.4646],[36.089260107334525,-0.4612973166368516],[36.0892,-0.4614]],[[36.0886,-0.4793],[36.08861623616236,-0.47938523985239856],[36.0908,-0.4774],[36.0886,-0.4793]],[[36.08932631578947,-0.48597894736842107],[36.0898,-0.4859],[36.08975174262734,-0.4856386058981233],[36.08932631578947,-0.48597894736842107]],[[36.08730710900474,-0.48604454976303363],[36.0874,-0.4863],[36.08797647058824,-0.4862039215686276],[36.08730710900474,-0.48604454976303363]],[[36.0777,-0.4866],[36.0772,-0.4866],[36.074,-0.4867],[36.0777,-0.4866]],[[35.5191,-0.4359],[35.5132,-0.4429],[35.52055454545453,-0.434728282828296],[35.5191,-0.4359]],[[35.5227,-0.433],[35.52171994609165,-0.4337894878706184],[35.5308,-0.4314],[35.5227,-0.433]],[[35.5662,-0.3834],[35.56584307342922,-0.3836524602573813],[35.5687,-0.3847],[35.5662,-0.3834]],[[35.5706,-0.3989],[35.57062415364584,-0.39893873697917326],[35.5687,-0.3847],[35.5706,-0.3989]],[[35.7272,-0.3837],[35.72688800705469,-0.38394744268076536],[35.7309,-0.3816],[35.7272,-0.3837]],[[35.7379,-0.4232],[35.7397,-0.4174],[35.73756260387811,-0.42345595567867567],[35.7379,-0.4232]],[[35.735,-0.4254],[35.73615677179963,-0.42452244897959107],[35.73409746981024,-0.4251032777458314],[35.735,-0.4254]],[[35.72801628486056,-0.4231039840637457],[35.73168911980441,-0.4243114914425458],[35.7289,-0.4227],[35.72801628486056,-0.4231039840637457]],[[35.723,-0.4281],[35.727304162633104,-0.4234295256534391],[35.7254,-0.4243],[35.723,-0.4281]],[[35.8779,-0.3376],[35.8763,-0.3481],[35.878017457008866,-0.33741360083375393],[35.8779,-0.3376]],[[35.8866484375,-0.31582656250000596],[35.8825,-0.3303],[35.8867,-0.3166],[35.8866484375,-0.31582656250000596]],[[35.87094789915967,-0.31040504201680486],[35.87217142857143,-0.3098952380952379],[35.8712,-0.3098],[35.87094789915967,-0.31040504201680486]],[[36.20037591623037,0.19895654450261765],[36.2,0.2014],[36.2002,0.1989],[36.20037591623037,0.19895654450261765]],[[36.2029,0.1999],[36.20178554216867,0.19940963855421442],[36.202896583564176,0.19976675900276905],[36.2029,0.1999]],[[36.21095171026157,0.19153118712273653],[36.20896644295302,0.19144295302013434],[36.21,0.191],[36.21095171026157,0.19153118712273653]],[[36.0343,-0.0804],[36.036,-0.0796],[36.03394318181818,-0.0804227272727276],[36.0343,-0.0804]],[[36.020545132743365,-0.08127610619469032],[36.03209125475285,-0.08054068441064649],[36.024,-0.0802],[36.020545132743365,-0.08127610619469032]],[[36.01805778175313,-0.08478886404294793],[36.01851884057971,-0.08190724637681103],[36.0179,-0.0821],[36.01805778175313,-0.08478886404294793]],[[36.11442115902965,-0.47094514824797384],[36.114238952929874,-0.4711419308357337],[36.1143,-0.4712],[36.11442115902965,-0.47094514824797384]],[[36.124455388659406,-0.45414968081111523],[36.1201,-0.459],[36.1245,-0.4544],[36.124455388659406,-0.45414968081111523]],[[36.15832347377472,-0.31501302665520425],[36.15832347377472,-0.31501302665520453],[36.1765,-0.3251],[36.15832347377472,-0.31501302665520425]],[[36.48346166180758,-0.6305296479031118],[36.4832,-0.6309],[36.4873,-0.6386],[36.48346166180758,-0.6305296479031118]],[[36.4886,-0.6248],[36.48900240722166,-0.6226873620862574],[36.484040909090886,-0.6297097902098157],[36.4886,-0.6248]],[[36.165,-0.2936],[36.165,-0.298],[36.1652,-0.2832],[36.165,-0.2936]],[[36.14909985492228,-0.28649902590673604],[36.1493,-0.2866],[36.1484,-0.2818],[36.14909985492228,-0.28649902590673604]],[[36.1439,-0.1438],[36.14413172869148,-0.14364861944777932],[36.1181,-0.1357],[36.1439,-0.1438]]]}},{"type":"Feature","properties":{"NAME_1":"Nandi","name":"Nandi"},"geometry":{"type":"Polygon","coordinates":[[[35.4349,0.0312],[35.4044,-0.0172],[35.4241,-0.072],[35.3719,-0.1033],[35.3077,-0.0795],[35.2265,-0.0997],[35.2211,-0.0299],[35.194,-0.0194],[35.1502,-0.0326],[35.1029,0.0018],[35.0926,-0.0385],[35.0662,-0.0626],[35.0595,-0.0478],[35.0071,-0.0477],[35.0076,-0.0228],[34.9885,-0.0131],[34.9233,-0.0302],[34.922,-0.0196],[34.8081,-0.0156],[34.8314,0.0301],[34.7522,-0.0287],[34.7411,0.0093],[34.7628,0.0034],[34.836,0.0365],[34.8596,0.1256],[34.9141,0.1603],[34.929,0.2136],[34.9432,0.2131],[34.9565,0.2458],[34.9785,0.2459],[34.987275,0.21215000000002265],[34.9773,0.253],[34.9421,0.3281],[34.9371,0.3648],[34.9487,0.3583],[34.9553,0.3759],[34.9566,0.42],[34.9065,0.5104],[34.8521,0.5518],[35.0454,0.5672],[35.0996,0.5446],[35.1046,0.5616],[35.1408,0.5411],[35.1667,0.5517],[35.1418,0.4777],[35.289,0.2343],[35.3122,0.2189],[35.3243,0.2283],[35.3422,0.2067],[35.3571,0.2155],[35.3661,0.2002],[35.3407,0.1988],[35.3345,0.1469],[35.387,0.1188],[35.3719,0.0769],[35.3474,0.0662],[35.4349,0.0312]],[[35.2326,0.3109],[35.2252,0.3082],[35.241,0.3084],[35.2326,0.3109]],[[35.2225,0.31],[35.222242048517515,0.30982210242587627],[35.2252,0.3082],[35.2225,0.31]],[[34.93596075794621,0.13140452322738352],[34.9352,0.1326],[34.9053,0.1448],[34.93596075794621,0.13140452322738352]],[[34.9362980620155,0.1300742248062021],[34.9366,0.1304],[34.936224836601305,0.13098954248366013],[34.9362980620155,0.1300742248062021]],[[34.93140936997515,0.10668365736003503],[34.9315,0.1069],[34.931343342036556,0.10710887728459505],[34.93140936997515,0.10668365736003503]],[[34.9282,0.098],[34.92887352941177,0.0953058823529203],[34.92848920780712,0.09870987370839217],[34.9282,0.098]],[[34.9295,0.0928],[34.9331,0.0917],[34.929405555555554,0.09317777777777837],[34.9295,0.0928]],[[34.946830322580645,0.08855354838709632],[34.9466,0.0886],[34.9421,0.0854],[34.946830322580645,0.08855354838709632]],[[34.9713,0.0837],[34.9915,0.0862],[34.97065666563754,0.08382919419573953],[34.9713,0.0837]],[[35.0019,0.0899],[35.00231860465116,0.09038139534883073],[35.00176335766423,0.0898513868613145],[35.0019,0.0899]],[[35.00373181574719,0.09200658810926712],[35.0049,0.1018],[35.00476367485182,0.10194995766299375],[35.00373181574719,0.09200658810926712]],[[35.0546,0.1243],[35.05522,0.1244],[35.05451052631579,0.1244],[35.0546,0.1243]],[[35.0639,0.1258],[35.0612,0.1262],[35.059295588235294,0.12505735294117662],[35.0639,0.1258]],[[35.0794,0.1392],[35.0727,0.1423],[35.072675742574255,0.14216658415841735],[35.0794,0.1392]],[[35.1308,0.1404],[35.13077130488559,0.14034359925788908],[35.1202,0.142],[35.1308,0.1404]],[[35.1825,0.1638],[35.18309838369641,0.16702206605761613],[35.1795,0.1589],[35.1825,0.1638]],[[34.9381,-0.0201],[34.93817145669291,-0.02018011811024099],[34.93789047619047,-0.018999999999971574],[34.9381,-0.0201]],[[34.9373,-0.0159],[34.93732216117216,-0.016016346153844174],[34.9464,-0.0098],[34.9373,-0.0159]],[[35.0275,-0.0228],[35.02582379518073,-0.02430858433734828],[35.026,-0.0246],[35.0275,-0.0228]],[[35.043596105527634,-0.022323492462313983],[35.04346698774081,-0.022499562171630013],[35.0436,-0.0226],[35.043596105527634,-0.022323492462313983]],[[35.07830149918963,-0.0026660048622366575],[35.0707,-0.0009],[35.0748,-0.0027],[35.07830149918963,-0.0026660048622366575]],[[35.09076721311475,0.003534426229513082],[35.09058888888888,0.003177777777769707],[35.0908,0.0034],[35.09076721311475,0.003534426229513082]],[[35.0913,0.015],[35.0898,0.0075],[35.09147748344371,0.015098013245037196],[35.0913,0.015]],[[35.0879,0.0504],[35.0906,0.0439],[35.08793754010695,0.05050684491978616],[35.0879,0.0504]],[[35.1082,0.0914],[35.115,0.1019],[35.1076,0.0906],[35.1358,0.0851],[35.1082,0.0914]],[[35.31484465675867,0.015558032554847903],[35.31381934860613,0.015791057134970966],[35.314,0.0154],[35.31484465675867,0.015558032554847903]],[[35.3216,0.0175],[35.31988032724505,0.01650019025875134],[35.32242824554127,0.016976897552882276],[35.3216,0.0175]],[[35.3344,0.0213],[35.32901667181229,0.018209570855201588],[35.3295,0.0183],[35.3344,0.0213]],[[35.11557921734533,0.12255251189847595],[35.1153,0.1222],[35.1141,0.1168],[35.11557921734533,0.12255251189847595]],[[34.9878,0.21],[34.9876046961326,0.21079981583793475],[34.987680473372784,0.20918323471401035],[34.9878,0.21]],[[34.9848,0.1895],[34.98631753554502,0.1998698262243244],[34.9852,0.1966],[34.9848,0.1895]],[[34.9754,0.1626],[34.97431851851852,0.1634111111111114],[34.9744,0.1632],[34.9754,0.1626]],[[34.980975429424944,0.16417348767737092],[34.976,0.1653],[34.9809,0.164],[34.980975429424944,0.16417348767737092]],[[35.0477,0.1605],[35.04961489361702,0.15791489361702338],[35.0498,0.1581],[35.0477,0.1605]],[[35.050822038980506,0.17318095952024729],[35.05258654353562,0.1692910290237467],[35.0529,0.1695],[35.050822038980506,0.17318095952024729]],[[35.0441,0.188],[35.04464262734585,0.18680375335119973],[35.0441,0.18892000000000278],[35.0441,0.188]],[[35.0441,0.1909],[35.0441,0.18995833333333256],[35.04598333333334,0.19239097222222343],[35.0441,0.1909]],[[35.0465,0.1928],[35.04645066079296,0.19276093979442005],[35.047353658536586,0.1925268292682929],[35.0465,0.1928]],[[35.0483,0.1982],[35.05047203994294,0.19565021398003124],[35.0507,0.1962],[35.0483,0.1982]],[[35.05825862068966,0.19811954022988584],[35.0491,0.2006],[35.0579,0.198],[35.05825862068966,0.19811954022988584]],[[35.07261602092212,0.20077084463386294],[35.0648,0.2003],[35.0725,0.2007],[35.07261602092212,0.20077084463386294]],[[35.2179,0.3053],[35.2184,0.3028],[35.21831679049034,0.305961961367013],[35.2179,0.3053]],[[35.2196,0.308],[35.21922344086022,0.30740193548387296],[35.22111624365482,0.3090456852791873],[35.2196,0.308]],[[35.1713,0.4147],[35.17617363100253,0.418403959561921],[35.1761,0.4185],[35.1713,0.4147]]]}},{"type":"Feature","properties":{"NAME_1":"Narok","name":"Narok"},"geometry":{"type":"Polygon","coordinates":[[[36.0464,-1.6991],[36.0159,-1.7989],[36.0431,-1.824],[36.0514,-1.8652],[36.0258,-1.8893],[36.0433,-1.9044],[36.0213,-2.0251],[36.0267,-2.0821],[36.0001,-2.0819],[35.9962,-2.1026],[34.7325,-1.3902],[34.6867,-1.2053],[34.6256,-1.1488],[34.6181,-1.0705],[34.5902,-1.0125],[34.6474,-0.9604],[34.6786,-0.9671],[35.0127,-0.8839],[35.0826,-0.9005],[35.2446,-1.0312],[35.3334,-0.9702],[35.3558,-0.9608],[35.3655,-0.9711],[35.4209,-0.9401],[35.4308,-0.8894],[35.5467,-0.7816],[35.4791,-0.757],[35.426,-0.7148],[35.3969,-0.6386],[35.5872,-0.5833],[35.5984,-0.6491],[35.6456,-0.6955],[35.6812,-0.6453],[35.7111,-0.5471],[35.7405,-0.5239],[35.7735,-0.5313],[35.797,-0.4525],[35.813,-0.4522],[35.8145,-0.4702],[35.8364,-0.4606],[35.8321,-0.4885],[35.9045,-0.5399],[35.9473,-0.551],[35.9826,-0.6248],[35.9508,-0.6598],[35.9161,-0.6295],[35.8762,-0.6317],[35.8783,-0.6444],[35.8931,-0.6432],[35.9458,-0.7074],[36.0117,-0.6571],[36.0281,-0.6728],[36.0974,-0.6333],[36.0999,-0.6706],[36.1538,-0.7085],[36.1615,-0.7389],[36.1928,-0.7599],[36.1883,-0.7982],[36.1584,-0.8307],[36.1855,-0.9087],[36.2057,-0.9278],[36.2638,-0.9085],[36.3356,-1.0407],[36.3477,-1.1685],[36.0492,-1.4859],[36.0863,-1.5668],[36.0465,-1.6477],[36.0642,-1.6924],[36.0464,-1.6991]],[[34.9815,-1.0301],[34.982310740740736,-1.0305790740740741],[34.9851,-1.0282],[34.9815,-1.0301]],[[34.983627761194036,-1.0313573134328384],[34.9836,-1.0312],[34.98333822222222,-1.031186222222222],[34.983627761194036,-1.0313573134328384]],[[35.0849,-1.1102],[35.08492843012125,-1.1096882578174898],[35.084553902032994,-1.110015714069517],[35.0849,-1.1102]],[[35.0889,-1.1071],[35.09144136125654,-1.1039938917975598],[35.08726565656566,-1.1076447811447807],[35.0889,-1.1071]],[[35.09089179229481,-1.071734338358459],[35.0908,-1.0718],[35.0919,-1.0798],[35.09089179229481,-1.071734338358459]],[[35.74757040527804,-0.805407039802802],[35.7477,-0.8051],[35.7426,-0.7969],[35.74757040527804,-0.805407039802802]],[[35.74333064220183,-0.9037392660550462],[35.7434,-0.9033],[35.74311363636364,-0.9022977272727203],[35.74333064220183,-0.9037392660550462]],[[35.7416,-0.9144],[35.741621785173976,-0.9145620272314674],[35.74205,-0.9118500000000003],[35.7416,-0.9144]],[[35.74297051908121,-0.9245932356664847],[35.7434,-0.923],[35.74170614250614,-0.9151894348894355],[35.74297051908121,-0.9245932356664847]],[[35.740949134948096,-0.9375833910034596],[35.7416,-0.9364],[35.7403,-0.9345],[35.740949134948096,-0.9375833910034596]],[[35.741,-0.9512],[35.7426,-0.9475],[35.74242710526316,-0.9467507894736783],[35.741,-0.9512]],[[35.8641,-1.2126],[35.86426634178038,-1.212298505523067],[35.8614,-1.2086],[35.8641,-1.2126]],[[35.86679772727272,-1.2090727272727309],[35.866,-1.2094],[35.86591768292683,-1.2095756097560955],[35.86679772727272,-1.2090727272727309]],[[35.870459477124186,-1.2082895424836622],[35.8699,-1.2078],[35.869640807453415,-1.2079063354037272],[35.870459477124186,-1.2082895424836622]],[[35.8751,-1.2132],[35.875771807228915,-1.2129378313253016],[35.87464666666667,-1.2119533333333345],[35.8751,-1.2132]],[[35.8792,-1.2116],[35.8790437357631,-1.2113879271070631],[35.87824786729858,-1.2119715639810411],[35.8792,-1.2116]],[[35.95352777179763,-1.085614747039826],[35.9533,-1.0861],[35.9561,-1.0873],[35.95352777179763,-1.085614747039826]],[[35.9559,-1.0824],[35.9579,-1.0763],[35.95409573459715,-1.084404739336498],[35.9559,-1.0824]],[[35.956,-1.0078],[35.9518,-1.0105],[35.951790809932696,-1.0107366442330032],[35.956,-1.0078]],[[36.0844,-0.8227],[36.0778,-0.8272],[36.07,-0.8352],[36.0844,-0.8227]],[[36.0983,-0.8236],[36.0972,-0.8181],[36.09684324324324,-0.8182282094594602],[36.0983,-0.8236]],[[36.110641830065354,-0.8415960784313704],[36.1108,-0.84],[36.110605629804844,-0.8396955647545837],[36.110641830065354,-0.8415960784313704]],[[36.1068,-0.8709],[36.1062,-0.8839],[36.108754929577465,-0.8606366197183063],[36.1068,-0.8709]],[[36.1152,-0.8841],[36.115333122441385,-0.8840157796799403],[36.1139967032967,-0.88407326007326],[36.1152,-0.8841]],[[36.1418,-0.9216],[36.1425,-0.9067],[36.14170052950076,-0.9006117246596318],[36.1418,-0.9216]],[[36.1372,-0.9297],[36.137208174603174,-0.9299043650793594],[36.1418,-0.9216],[36.1372,-0.9297]],[[36.1373,-0.9322],[36.1416,-0.9495],[36.13724017185822,-0.9307042964554485],[36.1373,-0.9322]],[[36.14877725421757,-0.9583862129144853],[36.1492,-0.957],[36.1483,-0.9545],[36.14877725421757,-0.9583862129144853]],[[35.9733,-1.2155],[35.976,-1.2096],[35.9758,-1.209111111111111],[35.9733,-1.2155]],[[35.9713,-1.2266],[35.97139114601928,-1.2267743662977508],[35.975,-1.2218],[35.9713,-1.2266]],[[36.0622,-1.4572],[36.064290697674416,-1.457776744186046],[36.06253458708095,-1.4570403107113656],[36.0622,-1.4572]],[[36.0656,-1.4604],[36.0653,-1.4582],[36.065126509572906,-1.4581272459499266],[36.0656,-1.4604]],[[35.7586,-1.65],[35.7498,-1.6884],[35.7593,-1.6473],[35.7586,-1.65]],[[35.539,-0.8821],[35.5363,-0.888],[35.53901122853368,-0.882093394980188],[35.539,-0.8821]],[[35.543979187817264,-0.8791710659898466],[35.540372289156636,-0.8812927710843317],[35.5435,-0.8798],[35.543979187817264,-0.8791710659898466]],[[35.5561,-0.8617],[35.54473636363636,-0.8781772727272776],[35.5483,-0.8735],[35.5561,-0.8617]],[[35.5564,-0.8588],[35.5553667826087,-0.8548260869565265],[35.5561,-0.8617],[35.5564,-0.8588]],[[35.5511,-0.8484],[35.55515022288262,-0.8539931649331359],[35.5551,-0.8538],[35.5511,-0.8484]],[[35.015215141955835,-1.315041324921136],[35.0152,-1.3151],[35.0183,-1.3142],[35.015215141955835,-1.315041324921136]],[[35.0232,-1.3104],[35.0251,-1.3129],[35.025246627565984,-1.3128364613880743],[35.0232,-1.3104]],[[35.02553636363636,-1.3127109090909095],[35.0281,-1.3116],[35.027543421052634,-1.3111052631578948],[35.02553636363636,-1.3127109090909095]],[[35.02972401746725,-1.3083502183406097],[35.0306,-1.3075],[35.0294,-1.3043],[35.02972401746725,-1.3083502183406097]],[[35.031180753138074,-1.306549372384936],[35.0313,-1.3067],[35.03183076923077,-1.3060076923076895],[35.031180753138074,-1.306549372384936]],[[35.033258536585365,-1.30359756097561],[35.03266847599165,-1.304915031315239],[35.0336,-1.3037],[35.033258536585365,-1.30359756097561]],[[35.031727659574464,-1.3029382978723403],[35.0331,-1.3012],[35.0316,-1.3029],[35.031727659574464,-1.3029382978723403]],[[35.0323,-1.2995],[35.031303225806454,-1.2963435483870966],[35.0309,-1.2959],[35.0323,-1.2995]],[[35.03641732283465,-1.296497637795278],[35.0374,-1.2968],[35.0354,-1.2956],[35.03641732283465,-1.296497637795278]],[[35.0377,-1.2878],[35.0393,-1.2889],[35.03977081850534,-1.2881601423487543],[35.0377,-1.2878]],[[35.039898888888885,-1.2879588888888887],[35.04,-1.2878],[35.0387,-1.2851],[35.039898888888885,-1.2879588888888887]],[[35.0341,-1.2834],[35.0369,-1.2826],[35.0369,-1.2819066666666665],[35.0341,-1.2834]],[[35.0369,-1.2818114285714286],[35.0369,-1.2817],[35.03566074766355,-1.2818822429906542],[35.0369,-1.2818114285714286]],[[35.03374551422319,-1.281991684901532],[35.0368,-1.2794],[35.0336,-1.282],[35.03374551422319,-1.281991684901532]],[[35.0385,-1.2625],[35.0414,-1.2636],[35.04197707317073,-1.2626931707317073],[35.0385,-1.2625]],[[35.04204285714285,-1.2625897959183676],[35.0421,-1.2625],[35.0407,-1.26],[35.04204285714285,-1.2625897959183676]],[[35.0386,-1.2599],[35.0382,-1.2554],[35.037811432850724,-1.2549933599600573],[35.0386,-1.2599]],[[35.0339,-1.2509],[35.035,-1.2481],[35.03477574123989,-1.247980862533693],[35.0339,-1.2509]],[[35.03178732394366,-1.2462478873239415],[35.0317,-1.2452000000000427],[35.0317,-1.2462],[35.03178732394366,-1.2462478873239415]],[[35.0317,-1.2439782608695646],[35.0339,-1.2435],[35.0317,-1.2438],[35.0317,-1.2439782608695646]],[[35.0392,-1.2049],[35.0416,-1.207],[35.042738221528865,-1.2065806552262097],[35.0392,-1.2049]],[[35.04318522954092,-1.206415968063873],[35.0435,-1.2063],[35.0431583535109,-1.2057171912832905],[35.04318522954092,-1.206415968063873]],[[35.0954,-1.1447],[35.0977,-1.1449],[35.09823868921776,-1.1441126849894294],[35.0954,-1.1447]],[[35.09828487712666,-1.1440451795841193],[35.099,-1.143],[35.0959,-1.1354],[35.09828487712666,-1.1440451795841193]],[[35.20342413793103,-1.089334482758621],[35.2041,-1.0896],[35.2057,-1.0885],[35.20342413793103,-1.089334482758621]],[[35.20290747663552,-1.087476074766355],[35.2029,-1.0875],[35.2057,-1.0885],[35.20290747663552,-1.087476074766355]],[[35.203316666666666,-1.0861666666666636],[35.20345108695652,-1.0858978260869567],[35.2034,-1.0859],[35.203316666666666,-1.0861666666666636]],[[35.2081,-1.0857],[35.21011820940819,-1.0819518968133535],[35.21,-1.0819],[35.2081,-1.0857]],[[35.210871389645774,-1.082282561307901],[35.2134,-1.0841],[35.213994871794874,-1.0836538461538452],[35.210871389645774,-1.082282561307901]],[[35.21406710526316,-1.0835996710526294],[35.2142,-1.0835],[35.2121,-1.0776],[35.21406710526316,-1.0835996710526294]],[[35.219,-1.0579],[35.21853854875283,-1.055961904761903],[35.2184,-1.0559],[35.219,-1.0579]],[[35.224603259604194,-1.0563729918509885],[35.2248,-1.0566],[35.225640000000006,-1.0560799999999984],[35.224603259604194,-1.0563729918509885]],[[35.230463868613136,-1.0530937956204378],[35.2311,-1.0527],[35.231074899193544,-1.0524406249999994],[35.230463868613136,-1.0530937956204378]],[[35.231003389830505,-1.0517016949152573],[35.2308,-1.0496],[35.2288,-1.048],[35.231003389830505,-1.0517016949152573]],[[35.2289430955994,-1.0402502276176018],[35.22822343749999,-1.0395632812499886],[35.2288,-1.0403],[35.2289430955994,-1.0402502276176018]],[[35.22709346733668,-1.0381194304857642],[35.2284,-1.0369],[35.227,-1.038],[35.22709346733668,-1.0381194304857642]],[[35.2303358974359,-1.038351923076921],[35.2304,-1.0384],[35.2304,-1.0380874999999854],[35.2303358974359,-1.038351923076921]],[[35.23085378858747,-1.036215622076701],[35.2325,-1.0399],[35.2311,-1.0352],[35.23085378858747,-1.036215622076701]],[[35.2396,-1.0337],[35.2437,-1.0333],[35.24310529300567,-1.0328654064272216],[35.2396,-1.0337]]]}},{"type":"Feature","properties":{"NAME_1":"Nyamira","name":"Nyamira"},"geometry":{"type":"Polygon","coordinates":[[[35.0319,-0.8406],[35.0127,-0.8839],[34.9431,-0.7668],[34.7779,-0.6702],[34.8114,-0.6609],[34.8139,-0.6302],[34.8426,-0.5922],[34.9,-0.6134],[34.8722,-0.5698],[34.8705,-0.5014],[34.8597,-0.4978],[35.0197,-0.4065],[35.0451,-0.44],[35.03318235508567,-0.4926498724024788],[35.0571,-0.502],[35.0474,-0.5661],[35.0724,-0.6871],[35.0477,-0.7021],[35.0913,-0.7969],[35.0444,-0.8485],[35.0319,-0.8406]],[[34.9318,-0.6578],[34.93261848000857,-0.6580836316861383],[34.9082,-0.6406],[34.9318,-0.6578]],[[35.0199,-0.6762],[35.0169,-0.6676],[35.0179,-0.6708],[35.0199,-0.6762]],[[35.01061363636364,-0.6484568181818197],[35.011,-0.6489],[35.0179,-0.6521],[35.01061363636364,-0.6484568181818197]],[[35.004189801468584,-0.6408531955398369],[35.0042,-0.6411],[35.00746923076925,-0.6448500000000247],[35.004189801468584,-0.6408531955398369]],[[34.9988,-0.6196],[34.9976,-0.6206],[34.99886482260975,-0.6197243535778694],[34.9988,-0.6196]],[[34.9739,-0.6045],[34.9746,-0.6108],[34.97479583440473,-0.6108703779892002],[34.9739,-0.6045]],[[34.9416,-0.5458],[34.94011382113821,-0.5399481707317132],[34.9424,-0.5508],[34.9416,-0.5458]],[[34.96852009456265,-0.5408507092198552],[34.9685,-0.5407],[34.9673548387097,-0.5398129032258252],[34.96852009456265,-0.5408507092198552]],[[34.9736,-0.5529],[34.97368595433003,-0.552897544161999],[34.9693,-0.5467],[34.9736,-0.5529]],[[35.0149,-0.5934],[35.019239999999996,-0.5909200000000016],[35.0097,-0.5941],[35.0149,-0.5934]],[[35.0326,-0.5867],[35.03274452554745,-0.518700729926831],[35.03079166666666,-0.5870694444444465],[35.0326,-0.5867]],[[35.0162,-0.6846],[35.01363231357552,-0.699808604206508],[35.0139,-0.6993],[35.0162,-0.6846]]]}},{"type":"Feature","properties":{"NAME_1":"Nyandarua","name":"Nyandarua"},"geometry":{"type":"Polygon","coordinates":[[[36.5887,-0.8218],[36.6014,-0.8573],[36.5896,-0.883],[36.5543,-0.9146],[36.5442,-0.9018],[36.5616,-0.8358],[36.5207,-0.7046],[36.5441,-0.6907],[36.5201,-0.6193],[36.5119,-0.6045],[36.4679,-0.6205],[36.4514,-0.5596],[36.4026,-0.565],[36.4046,-0.5359],[36.4278,-0.5326],[36.4003,-0.5301],[36.4056,-0.518],[36.3856,-0.4503],[36.3861,-0.4211],[36.3601,-0.372],[36.3139,-0.3798],[36.3116,-0.3627],[36.2758,-0.3864],[36.2629,-0.3364],[36.2286,-0.3475],[36.2138,-0.288],[36.2128,-0.2635],[36.2461,-0.2486],[36.2118,-0.1972],[36.2008,-0.1302],[36.2207,-0.0992],[36.2467,-0.1117],[36.2568,-0.0152],[36.3045,0.0222],[36.3474,0.0381],[36.3529,0.0218],[36.3909,0.0303],[36.4266,0.0507],[36.4011,0.062],[36.4459,0.0992],[36.4652,0.1442],[36.5115,0.0931],[36.5235,0.0544],[36.5772,0.0743],[36.6034,0.0095],[36.6371,0.0209],[36.6505,-0.0097],[36.5824,-0.0149],[36.5557,-0.0482],[36.5551,-0.0839],[36.635,-0.1002],[36.6563,-0.1468],[36.6903,-0.1678],[36.6153,-0.3036],[36.6041,-0.3663],[36.6315,-0.3813],[36.6231,-0.395],[36.6671,-0.4675],[36.6579,-0.5046],[36.6703,-0.5671],[36.7076,-0.6212],[36.7066,-0.6912],[36.7367,-0.7738],[36.7194,-0.7731],[36.7223,-0.8006],[36.6872,-0.758],[36.6537,-0.7586],[36.6446,-0.767],[36.6742,-0.7728],[36.6226,-0.8252],[36.5887,-0.8218]],[[36.6145,-0.29],[36.61434934665641,-0.2899757878554951],[36.6209,-0.2933],[36.6145,-0.29]],[[36.3894530120482,-0.4532156626506091],[36.3884,-0.4523],[36.388318902439025,-0.4523868902439023],[36.3894530120482,-0.4532156626506091]],[[36.3908,-0.4542],[36.39273448275862,-0.452],[36.3918,-0.452],[36.3908,-0.4542]],[[36.3959,-0.4484],[36.39589411764705,-0.4482588235294156],[36.3954864864865,-0.4488702702702581],[36.3959,-0.4484]],[[36.4094,-0.4299],[36.40940526315789,-0.4298157894736848],[36.4059,-0.4304],[36.4094,-0.4299]],[[36.4289,-0.4023],[36.4267,-0.3996],[36.428842054433716,-0.4024236172080773],[36.4289,-0.4023]],[[36.459700000000005,-0.23574999999999977],[36.4529,-0.2366],[36.44625702811245,-0.23894176706827383],[36.459700000000005,-0.23574999999999977]],[[36.4776,-0.2315],[36.47762712630687,-0.23148395026843646],[36.47751228177641,-0.23152082695252807],[36.4776,-0.2315]],[[36.609,-0.2892],[36.61221578947369,-0.2896328947368425],[36.60894786324786,-0.2891076923076929],[36.609,-0.2892]],[[36.220615476190474,-0.1381573412698407],[36.2235,-0.1271],[36.2203,-0.1376],[36.220615476190474,-0.1381573412698407]],[[36.22342066115702,-0.14283966942148912],[36.22255255972698,-0.14157952218432465],[36.2233,-0.1429],[36.22342066115702,-0.14283966942148912]],[[36.25466811594201,-0.18951594202891442],[36.25421884236453,-0.1870052955665026],[36.2542,-0.1872],[36.25466811594201,-0.18951594202891442]],[[36.30925413090129,-0.19153819742489084],[36.3104,-0.2],[36.3102,-0.1935],[36.30925413090129,-0.19153819742489084]],[[36.417325696594425,-0.18298452012383795],[36.4124,-0.1687],[36.4158,-0.1808],[36.417325696594425,-0.18298452012383795]],[[36.4217,-0.1869],[36.419726114649684,-0.1864214823393171],[36.4202,-0.1871],[36.4217,-0.1869]],[[36.4385,-0.1381],[36.4446,-0.1625],[36.4498,-0.1768],[36.4385,-0.1381]],[[36.4479,-0.1884],[36.4434,-0.1737],[36.448137188306106,-0.19282751504727907],[36.4479,-0.1884]],[[36.4598,-0.2108],[36.448554849246236,-0.1945139195979949],[36.4487,-0.1951],[36.4598,-0.2108]],[[36.39829492700191,0.027144831145850052],[36.3975,0.0185],[36.3984,0.0271],[36.39829492700191,0.027144831145850052]]]}},{"type":"Feature","properties":{"NAME_1":"Nyeri","name":"Nyeri"},"geometry":{"type":"Polygon","coordinates":[[[37.1183,-0.64],[37.0489,-0.59],[36.9874,-0.5701],[36.8846,-0.6054],[36.8013,-0.5626],[36.7351,-0.5604],[36.7081,-0.581],[36.7007,-0.6154],[36.6707,-0.5679],[36.6641,-0.4595],[36.6231,-0.395],[36.6315,-0.3813],[36.6041,-0.3663],[36.6151,-0.3044],[36.6903,-0.1678],[36.6596,-0.1458],[36.7654,-0.1027],[36.831,-0.0976],[36.8315,-0.1283],[36.861,-0.1365],[36.8714,-0.1709],[36.8394,-0.1917],[36.8566,-0.2486],[36.8716,-0.2407],[36.9878,-0.2893],[37.0194,-0.1694],[36.9855,-0.1285],[36.9778,-0.0649],[37.0256,-0.0427],[37.0789,0.0204],[37.0794,0.0012],[37.1127,-0.0314],[37.1208,-0.0145],[37.3078,-0.1456],[37.1996,-0.4346],[37.1756,-0.4373],[37.1695,-0.5086],[37.1453,-0.5222],[37.1477,-0.559],[37.1347,-0.5445],[37.178,-0.5953],[37.1751,-0.6267],[37.1183,-0.64]],[[36.6498,-0.4106],[36.6557,-0.4072],[36.649675945945944,-0.4105035135135149],[36.6498,-0.4106]],[[36.7181281642917,-0.44804551550712507],[36.7181,-0.4479],[36.7142,-0.4468],[36.7181281642917,-0.44804551550712507]],[[36.7188,-0.4511],[36.71941855670102,-0.4512979381443263],[36.718789519650656,-0.4510371179039316],[36.7188,-0.4511]],[[36.7238,-0.4527],[36.7288,-0.4496],[36.72318247011952,-0.45250239043824736],[36.7238,-0.4527]],[[36.9423,-0.4522],[36.948486897880535,-0.449249325626204],[36.9478,-0.4491],[36.9423,-0.4522]],[[36.94997279040404,-0.4500021464646466],[36.9501,-0.4496],[36.949193939393936,-0.44940303030302997],[36.94997279040404,-0.4500021464646466]],[[36.986093728223,-0.4530693379790941],[36.9802,-0.453],[36.979037228714525,-0.45373088480801277],[36.986093728223,-0.4530693379790941]],[[36.9934,-0.4568],[36.9887,-0.4531],[36.98817331288344,-0.4530938036809816],[36.9934,-0.4568]],[[37.0134,-0.4672],[37.02190270009643,-0.4616776277724206],[37.012506732179524,-0.466906688178352],[37.0134,-0.4672]],[[37.0237,-0.4643],[37.0233,-0.4609],[37.02311788542152,-0.4610013507219374],[37.0237,-0.4643]],[[37.02767743300423,-0.46336911142454157],[37.0269,-0.4631],[37.0237,-0.4643],[37.02767743300423,-0.46336911142454157]],[[37.0307,-0.4687],[37.0295,-0.464],[37.02860498773508,-0.46369018806214224],[37.0307,-0.4687]],[[37.0425,-0.4767],[37.04507609756098,-0.48072585365853554],[37.0506,-0.4784],[37.0425,-0.4767]],[[37.0476,-0.4849],[37.0576,-0.4844],[37.04729767441861,-0.4844],[37.0476,-0.4849]],[[37.08226977329974,-0.5120415617128463],[37.0823,-0.512],[37.08098750000008,-0.5095625000001459],[37.08226977329974,-0.5120415617128463]],[[37.08221219512195,-0.5121207317073171],[37.0812,-0.5126],[37.0799,-0.5153],[37.08221219512195,-0.5121207317073171]],[[37.0876,-0.5275],[37.0884679644049,-0.5281637374860969],[37.0877,-0.5225],[37.0876,-0.5275]],[[37.0893,-0.5288],[37.0949,-0.5287],[37.08879500640205,-0.5284138284250959],[37.0893,-0.5288]],[[37.0943,-0.5344],[37.094708000000004,-0.5344600000000008],[37.09474611398964,-0.533316580310868],[37.0943,-0.5344]],[[37.1049,-0.5387],[37.10509153094463,-0.5386931596091205],[37.1025,-0.5366],[37.1049,-0.5387]],[[37.1077,-0.5386],[37.107820930232556,-0.538427906976744],[37.10521111111111,-0.5386888888888889],[37.1077,-0.5386]],[[37.110217502558854,-0.5350174002047086],[37.11,-0.535],[37.10910773480662,-0.5365966850828866],[37.110217502558854,-0.5350174002047086]],[[37.1144,-0.5355],[37.11466880341881,-0.5353735042735044],[37.11216911764706,-0.5351735294117651],[37.1144,-0.5355]],[[37.122521172638436,-0.5328583061889252],[37.1218,-0.5327],[37.121118738404455,-0.532970500927644],[37.122521172638436,-0.5328583061889252]],[[37.133859813084115,-0.5343345794392526],[37.1338,-0.5342],[37.1295,-0.5323],[37.133859813084115,-0.5343345794392526]],[[37.0019,-0.5213],[36.9978,-0.5265],[37.0019,-0.5214],[37.0019,-0.5213]],[[37.0059,-0.5139],[37.0038,-0.5151],[37.00591091644205,-0.5139068733153658],[37.0059,-0.5139]],[[37.0085045349731,-0.5155398923904689],[37.00757684210528,-0.5149557894736931],[37.0084,-0.5156],[37.0085045349731,-0.5155398923904689]],[[37.0121,-0.5132],[37.00963870967741,-0.5148877419354879],[37.01205758754863,-0.5134968871595346],[37.0121,-0.5132]],[[37.03378947368421,-0.5167264580369845],[37.0266,-0.5108],[37.0333,-0.5167],[37.03378947368421,-0.5167264580369845]],[[37.0416,-0.5136],[37.0389,-0.5121],[37.0422,-0.5153999999999964],[37.0416,-0.5136]],[[37.0437,-0.5134],[37.042675609756095,-0.5158756097560947],[37.0433,-0.5165],[37.0437,-0.5134]],[[37.0521,-0.5117],[37.05204468085107,-0.5118574468085108],[37.052320735785955,-0.5117762541806021],[37.0521,-0.5117]],[[37.057482870370364,-0.5135595370370358],[37.056949236641216,-0.5133751908396922],[37.0575,-0.5137],[37.057482870370364,-0.5135595370370358]],[[36.67031674026495,-0.5104763548775592],[36.6706,-0.5106],[36.671178042959426,-0.5104563245823388],[36.67031674026495,-0.5104763548775592]],[[36.680531909212284,-0.5081313751668881],[36.6879,-0.5063],[36.68885046554935,-0.5054089385474867],[36.680531909212284,-0.5081313751668881]],[[36.6995,-0.4893],[36.705545922077924,-0.48004218181818165],[36.7051,-0.48],[36.6995,-0.4893]],[[36.724098881431765,-0.47711185682326634],[36.72755111111111,-0.4768275555555557],[36.7264,-0.4764],[36.724098881431765,-0.47711185682326634]],[[36.72960850808868,-0.4775917315757947],[36.736,-0.4888],[36.7299,-0.4777],[36.72960850808868,-0.4775917315757947]],[[36.997625,-0.5062977272727278],[36.998268031189085,-0.5064730994152052],[36.9985,-0.5059],[36.997625,-0.5062977272727278]],[[37.0287,-0.3959],[37.0311,-0.3942],[37.02760324189526,-0.39622443890274284],[37.0287,-0.3959]],[[37.0313,-0.3983],[37.030544542772866,-0.3976026548672586],[37.03067601809955,-0.4011524886877704],[37.0313,-0.3983]],[[37.0325,-0.4005],[37.03068718929254,-0.40145411089865984],[37.0307,-0.4018],[37.0325,-0.4005]],[[37.0464,-0.4236],[37.04626297689415,-0.4235395486297704],[37.045,-0.4283],[37.0464,-0.4236]],[[37.032811947318905,-0.38472718720602067],[37.0329,-0.3846],[37.031276878612715,-0.38345780346820785],[37.032811947318905,-0.38472718720602067]],[[37.027781655274346,-0.38056752263070404],[37.0338,-0.3756],[37.0277,-0.3805],[37.027781655274346,-0.38056752263070404]]]}},{"type":"Feature","properties":{"NAME_1":"Samburu","name":"Samburu"},"geometry":{"type":"Polygon","coordinates":[[[36.9314,0.7528],[36.9148,0.7328],[36.865,0.7428],[36.8192,0.86],[36.7938,0.8753],[36.7569,0.8646],[36.7132,0.8238],[36.4833,0.8189],[36.4883,0.855],[36.3954,0.9104],[36.431,0.9556],[36.4532,1.0183],[36.4336,1.1436],[36.4427,1.1792],[36.4199,1.1907],[36.3915,1.1796],[36.3951,1.2249],[36.4212,1.2384],[36.412,1.2642],[36.3893,1.2674],[36.4096,1.2789],[36.4472,1.2521],[36.4536,1.2607],[36.4359,1.3081],[36.421,1.2996],[36.3937,1.3157],[36.4604,1.3717],[36.4669,1.4025],[36.4282,1.4125],[36.3927,1.4493],[36.3558,1.4413],[36.3221,1.4756],[36.2893,1.47],[36.303,1.542],[36.3446,1.5785],[36.357,1.5711],[36.3701,1.5965],[36.3757,1.5432],[36.3974,1.5273],[36.4411,1.615],[36.4636,1.6152],[36.4871,1.7045],[36.5279,1.7578],[36.5116,1.7731],[36.5316,1.808],[36.5155,1.8232],[36.5151,1.8806],[36.5414,1.9187],[36.5321,1.9573],[36.5445,2.0277],[36.5692,2.0583],[36.5647,2.1084],[36.6111,2.1629],[36.7018,2.2039],[36.7086,2.2643],[36.7236,2.276],[36.7233,2.3026],[36.6013,2.3608],[36.6013,2.4055],[36.6083,2.3957],[36.6218,2.4136],[36.6392,2.4103],[36.6395,2.3937],[36.6445,2.4175],[36.6855,2.4578],[36.6987,2.4543],[36.7002,2.5126],[36.7597,2.5155],[36.8447,2.2749],[36.8949,2.1927],[36.9189,2.1014],[36.9175,2.0187],[36.9475,2.0269],[37.0115,1.9845],[37.1613,1.9643],[37.1715,1.9273],[37.2343,1.8719],[37.2739,1.8697],[37.3053,1.7517],[37.3589,1.7296],[37.5823,1.3691],[37.5989,1.3952],[37.6112,1.3789],[37.654,1.4048],[37.8428,1.4294],[37.8535,1.4593],[37.9515,1.3875],[37.9492,1.1982],[38.0327,1.0895],[38.0468,0.8095],[38.0799,0.7875],[38.0533,0.7833],[38.0135,0.8099],[37.9149,0.7178],[37.8783,0.7486],[37.8343,0.6844],[37.7501,0.6815],[37.7259,0.6595],[37.692,0.669],[37.6818,0.6474],[37.6393,0.6268],[37.6345,0.603],[37.5332,0.5708],[37.4687,0.5943],[37.3941,0.5739],[37.3655,0.5883],[37.2997,0.726],[37.2567,0.7686],[37.2189,0.7444],[37.1656,0.7475],[37.1016,0.7917],[36.9806,0.7496],[36.9314,0.7528]],[[36.5058,1.4392],[36.5085,1.4468],[36.505070459613485,1.4388630636769089],[36.5058,1.4392]],[[36.952,0.9094],[36.9703,0.9081],[36.95161762447905,0.9096173502961178],[36.952,0.9094]],[[36.9756875,0.9184187500000001],[36.975,0.9182],[36.97488620689655,0.9172896551724135],[36.9756875,0.9184187500000001]],[[36.9805,0.9162],[36.9772,0.9189],[36.97657142857143,0.9186999999999999],[36.9805,0.9162]],[[36.98770420499343,0.9145751642575543],[36.9876,0.915],[36.98728908829864,0.9150525484565689],[36.98770420499343,0.9145751642575543]],[[36.9952,0.9003],[36.9977805851064,0.8737494680850678],[36.9963,0.9035],[36.9952,0.9003]],[[36.9976,0.8572],[37.0005,0.8657],[37.00027415026834,0.8663685152057297],[36.9976,0.8572]],[[36.9952,0.9058],[36.99525365853658,0.9056878048780488],[36.9985,0.911],[36.9952,0.9058]],[[37.02163058907026,0.9907202271114253],[37.021219487908965,0.9902933143670017],[37.0218,0.9906],[37.02163058907026,0.9907202271114253]],[[37.0412,1.0748],[37.04123930131005,1.0746886462882097],[37.04149577464789,1.0759197183098592],[37.0412,1.0748]],[[37.0426,1.0801],[37.04243106546855,1.0794604621309367],[37.0458,1.0818],[37.0426,1.0801]],[[37.0455,1.103],[37.0462,1.1006],[37.04572394106814,1.1032659300184158],[37.0455,1.103]],[[36.8748,1.3366],[36.8947,1.3026],[36.874190654205606,1.3381233644859862],[36.8748,1.3366]],[[36.8752,1.3422],[36.8738,1.3391],[36.87386086956522,1.3389478260869565],[36.8752,1.3422]],[[36.8738,1.3438],[36.874628571428566,1.3430351648351744],[36.87393804135778,1.3440444010924668],[36.8738,1.3438]]]}},{"type":"Feature","properties":{"NAME_1":"Siaya","name":"Siaya"},"geometry":{"type":"Polygon","coordinates":[[[34.307,-0.423],[34.2711,-0.4121],[34.24,-0.3341],[33.9559,-0.3341],[33.987,-0.1285],[33.9499,-0.0225],[34.0158,-0.0239],[34.0421,0.0043],[34.0719,0.1244],[34.1113,0.1398],[34.1165,0.2464],[34.1594,0.3051],[34.2029,0.265],[34.205,0.2902],[34.2361,0.2963],[34.2507,0.3175],[34.3796,0.3097],[34.4009,0.2661],[34.3976,0.2378],[34.3836,0.2328],[34.3853,0.1832],[34.4435,0.222],[34.4508,0.2109],[34.4258,0.1896],[34.4413,0.1698],[34.4204,0.1578],[34.4819,0.1556],[34.484,0.1438],[34.4562,0.1347],[34.4784,0.1204],[34.474,0.1072],[34.494,0.1056],[34.5002,0.1304],[34.5081,0.1216],[34.5407,0.1429],[34.5547,0.1314],[34.5438,0.1184],[34.5583,0.1121],[34.5602,0.0521],[34.5336,0.009],[34.5417,0.0003],[34.4165785046729,-0.0697794392523488],[34.483,-0.2947],[34.307,-0.423]],[[34.1123,0.1248],[34.1121122406639,0.12504033195020714],[34.102,0.1287],[34.1123,0.1248]],[[34.3237,-0.0304],[34.325367301750774,-0.029818383110195617],[34.311,-0.0308],[34.3237,-0.0304]],[[34.35480974093264,-0.025663937823824656],[34.355037209302324,-0.023429958960327752],[34.3536,-0.0225],[34.35480974093264,-0.025663937823824656]],[[34.389,0.0046],[34.38909925626162,0.005141397790660668],[34.3732,0.0005],[34.389,0.0046]],[[34.3489,0.1431],[34.3619,0.1459],[34.3524,0.1338],[34.3489,0.1431]],[[34.2435,-0.2324],[34.24349248501362,-0.23261836403269834],[34.2528,-0.219],[34.2435,-0.2324]],[[34.3738,-0.0568],[34.37372886597939,-0.05690515463916762],[34.37387704918032,-0.056803278688524354],[34.3738,-0.0568]],[[34.40197586206896,-0.06061264367815904],[34.38315117468436,-0.057143556549997226],[34.380917142857136,-0.05710285714285691],[34.40197586206896,-0.06061264367815904]],[[34.41650893007582,-0.06944316203313437],[34.4062,-0.0619],[34.4027266497462,-0.06084145516074759],[34.41650893007582,-0.06944316203313437]],[[34.3025,0.1601],[34.3046,0.1578],[34.30496840360019,0.15771975367124533],[34.3025,0.1601]],[[34.346613636363635,0.14389471744471813],[34.3401,0.149],[34.345,0.1442],[34.346613636363635,0.14389471744471813]],[[34.1782,0.1702],[34.1772,0.1657],[34.178828205128205,0.17068039215686354],[34.1782,0.1702]],[[34.190806626506024,0.17430798192771055],[34.1816,0.1728],[34.1879,0.173],[34.190806626506024,0.17430798192771055]],[[34.1932,0.1747],[34.19257472118959,0.17459758364312267],[34.19347432432432,0.17432770270270312],[34.1932,0.1747]],[[34.205600000000004,0.16448999999999817],[34.1974,0.169],[34.2039,0.165],[34.205600000000004,0.16448999999999817]],[[34.2104129032258,0.1635],[34.2089,0.1635],[34.2099,0.1632],[34.2104129032258,0.1635]],[[34.21238956158664,0.1646561586638837],[34.219,0.169],[34.219,0.16977521367521406],[34.21238956158664,0.1646561586638837]],[[34.21718724832215,0.16382684563758376],[34.216444827586216,0.1646620689655071],[34.2171,0.1638],[34.21718724832215,0.16382684563758376]],[[34.2413,0.1556],[34.2358,0.1534],[34.242277157360405,0.15542411167512712],[34.2413,0.1556]],[[34.2488,0.156],[34.247552478051546,0.1553512885868026],[34.2502786013986,0.15495265734265753],[34.2488,0.156]],[[34.26504473161034,0.1528059642147115],[34.26471833480958,0.15284118689105247],[34.265,0.1528],[34.26504473161034,0.1528059642147115]],[[34.296,0.16],[34.29584,0.1599674999999997],[34.3013,0.1587],[34.296,0.16]],[[34.22085301724138,0.17113726053639863],[34.2217,0.1712],[34.2257,0.1747],[34.22085301724138,0.17113726053639863]],[[34.2781,0.2072],[34.2867,0.2087],[34.28677525862069,0.20882065270936057],[34.2781,0.2072]],[[34.30216775956284,0.24667213114753947],[34.3264,0.2532],[34.3024,0.247],[34.30216775956284,0.24667213114753947]],[[34.3657,0.2768],[34.36950493723849,0.2795841004184102],[34.3694,0.2796],[34.3657,0.2768]],[[34.382065142219744,0.27585649749023994],[34.379456377952756,0.2750149606299215],[34.382,0.2756],[34.382065142219744,0.27585649749023994]]]}},{"type":"Feature","properties":{"NAME_1":"TaitaTaveta","name":"TaitaTaveta"},"geometry":{"type":"Polygon","coordinates":[[[38.445,-4.1388],[37.7858,-3.6771],[37.7441,-3.5441],[37.6737,-3.509],[37.6136,-3.5273],[37.6047,-3.5064],[37.6271,-3.4673],[37.5854,-3.4621],[37.5854,-3.4405],[37.6411,-3.3781],[37.6808,-3.3571],[37.6856,-3.3236],[37.7114,-3.3055],[37.6904,-3.1751],[37.8105,-3.1682],[37.8327,-3.1859],[37.8527,-3.1799],[37.8543,-3.0801],[37.8707,-3.0775],[37.8945,-2.8857],[37.9179,-2.8684],[37.9375,-2.7708],[37.9744,-2.7874],[38.1287,-2.6981],[38.1533,-2.6982],[38.1613,-2.6792],[38.2579,-2.7576],[38.3619,-2.898],[38.4087,-2.927],[38.4599,-2.9922],[38.5381,-2.9734],[38.6085,-2.9947],[38.6652,-3.0393],[38.774,-3.0434],[38.8089,-3.0527],[38.8053,-3.0684],[38.8933,-3.0377],[38.9767,-3.0393],[39.0256,-3.0206],[39.0855,-3.0532],[39.1257,-3.0195],[39.1643,-3.0651],[39.2195,-3.0661],[39.0561,-3.6845],[38.9685,-3.6336],[38.9305,-3.6958],[39.0353,-3.7582],[38.9461,-3.9595],[38.4457,-4.1379],[38.4846,-4.0717],[38.445,-4.1388]],[[37.8699,-3.155],[37.87018215767635,-3.153894882434292],[37.8665,-3.1601],[37.8699,-3.155]],[[37.871683928571436,-3.1480129464285547],[37.8713,-3.1488],[37.87139450549451,-3.1491465201465285],[37.871683928571436,-3.1480129464285547]],[[37.8843,-3.1381],[37.8733,-3.1447],[37.87310701754386,-3.14509561403509],[37.8843,-3.1381]],[[37.9459,-2.999],[37.9433,-2.9995],[37.942988122605364,-2.999996168582377],[37.9459,-2.999]],[[38.30356904761905,-3.059208928571432],[38.3029,-3.0567],[38.302527485638535,-3.056985594343791],[38.30356904761905,-3.059208928571432]],[[38.313942748091605,-3.0784290076335883],[38.3143,-3.0783],[38.31402279411765,-3.078108823529411],[38.313942748091605,-3.0784290076335883]],[[38.2849,-3.1408],[38.2849543881335,-3.1412133498145853],[38.289221358355675,-3.1261663092046468],[38.2849,-3.1408]],[[38.1339,-3.1667],[38.4417,-3.1665],[38.2977,-3.1665],[38.1339,-3.1667]],[[38.4267,-3.3363],[38.4245,-3.3314],[38.42407171270718,-3.3314188950276242],[38.4267,-3.3363]],[[38.20022791366906,-3.874641366906475],[38.1683,-3.8787],[38.1889,-3.8769],[38.20022791366906,-3.874641366906475]],[[38.2429,-3.8643],[38.20841969384751,-3.873008036502797],[38.2215,-3.8704],[38.2429,-3.8643]],[[38.2527,-3.7903],[38.25843322709163,-3.8028414342629535],[38.2583,-3.8016],[38.2527,-3.7903]],[[38.41475938864629,-3.317279912663756],[38.41482123711341,-3.3183004123711326],[38.4151,-3.3177],[38.41475938864629,-3.317279912663756]],[[38.4113,-3.3142],[38.413227388535034,-3.315390445859875],[38.4091,-3.3103],[38.4113,-3.3142]]]}},{"type":"Feature","properties":{"NAME_1":"TanaRiver","name":"TanaRiver"},"geometry":{"type":"Polygon","coordinates":[[[39.8923,-2.3092],[39.2195,-3.0686],[39.1643,-3.0651],[39.1297,-3.0199],[39.0819,-3.0518],[38.6235,-2.4126],[38.6955,-2.4094],[38.7384,-2.3642],[38.7964,-2.3408],[39.01368493413693,-1.915032909828539],[38.9581,-1.7036],[38.9991,-1.6789],[38.9618,-1.0531],[38.8064,-0.7263],[38.4171,-0.067],[38.4629,-0.0851],[38.4893,-0.0609],[38.5219,-0.062],[38.5485,-0.0197],[38.5696,-0.0151],[38.6391,-0.0547],[38.6811,-0.0554],[38.6877,-0.0411],[38.7579,-0.0733],[38.7647,-0.0554],[38.7493,-0.0279],[38.8837,-0.0513],[38.9369,-0.0438],[38.9643,-0.013],[39.0357,-0.0018],[39.1033,-0.0148],[39.1391,-0.0665],[39.1857,-0.0882],[39.3265,-0.0896],[39.4815,-0.1744],[39.6263,-0.3192],[39.6325,-0.4923],[39.6927,-0.4931],[39.7263,-0.5449],[39.758,-0.5473],[39.8177,-0.5924],[39.8561,-0.6887],[39.8627,-0.7605],[39.9009,-0.8333],[39.9039,-0.8962],[39.9367,-0.9607],[39.9353,-1.0051],[40.0567,-1.2486],[40.0497,-1.316],[40.0877,-1.4764],[40.1523,-1.5991],[40.1707,-1.7212],[40.1625,-1.8135],[40.1879,-1.8608],[40.1867,-1.9608],[40.2503,-2.2475],[40.2509,-2.3976],[40.3453,-2.3986],[40.4064,-2.4338],[40.4473,-2.4005],[40.6625,-2.4662],[40.7374,-2.4574],[40.6099,-2.561],[40.496,-2.5151],[40.4813,-2.5215],[40.5015,-2.5174],[40.5301,-2.534],[40.5326,-2.5393],[40.4571,-2.5418],[40.3468,-2.5915],[40.3543,-2.5771],[40.3507,-2.5732],[40.339,-2.5968],[40.2604,-2.6479],[40.1932,-2.7368],[39.8923,-2.3092]],[[39.0641,-1.9517],[39.06544537791514,-1.9523351784209002],[39.06283622141999,-1.9506718411552448],[39.0641,-1.9517]],[[39.098994834885694,-1.968174513124471],[39.0781,-1.9573],[39.070825000000006,-1.9548750000000021],[39.098994834885694,-1.968174513124471]],[[39.9653,-1.2452],[39.96589917012449,-1.2459647302904635],[39.96484137931034,-1.2434965517241312],[39.9653,-1.2452]],[[39.9639,-1.24],[39.964538150289016,-1.2423702725020644],[39.9659,-1.2306],[39.9639,-1.24]]]}},{"type":"Feature","properties":{"NAME_1":"Tharaka-Nithi","name":"Tharaka-Nithi"},"geometry":{"type":"Polygon","coordinates":[[[37.8165,-0.3082],[37.7857,-0.2732],[37.6343,-0.2573],[37.6059,-0.2703],[37.3128,-0.1503],[37.5799,-0.1801],[37.6441,-0.213],[37.7315,-0.1988],[37.7692,-0.1506],[37.79854301075269,-0.18597670250896065],[37.933070059880244,-0.06520119760479336],[37.9363,-0.0377],[37.9227,-0.0266],[37.9351,-0.001],[37.8961,-0.0039],[37.8897,0.0122],[37.9525,0.0535],[37.9857,0.0443],[37.9815,0.0676],[38.0183,0.0589],[38.0595,0.0243],[38.1113,0.0541],[38.1357,0.0487],[38.2208,0.0116],[38.2461,-0.0215],[38.2869,-0.027],[38.3085,-0.0557],[38.2731,-0.0956],[38.2477,-0.088],[38.2217,-0.1048],[38.2069,-0.1427],[38.1862,-0.1532],[38.1639,-0.2326],[38.1143,-0.2767],[37.99584045534151,-0.26871961471103256],[37.9513,-0.4254],[37.9245,-0.4269],[37.8901,-0.3934],[37.8863,-0.343],[37.8455,-0.4025],[37.7671,-0.4494],[37.7201,-0.4504],[37.5535,-0.3572],[37.3252,-0.1604],[37.6261,-0.3514],[37.6709,-0.3615],[37.7213,-0.4115],[37.7356,-0.3971],[37.7053,-0.3479],[37.6039,-0.3197],[37.3193,-0.1554],[37.6201,-0.3077],[37.3181,-0.1543],[37.6125,-0.2831],[37.6887,-0.2831],[37.7175,-0.2973],[37.7701,-0.2849],[37.8165,-0.3082]],[[37.8445,-0.2615],[37.8443,-0.2597],[37.842584307178626,-0.2577249582637697],[37.8445,-0.2615]],[[37.99439723756905,-0.2667712707182304],[37.9939,-0.2661],[37.9879,-0.2636],[37.99439723756905,-0.2667712707182304]]]}},{"type":"Feature","properties":{"NAME_1":"TransNzoia","name":"TransNzoia"},"geometry":{"type":"Polygon","coordinates":[[[34.8051,0.8441],[34.8356,0.8697],[34.7993,0.8534],[34.7866,0.8953],[34.7976,0.9198],[34.7398,0.9435],[34.6508,1.0606],[34.6616,1.0876],[34.6161,1.1091],[34.5818,1.1512],[34.6488,1.1792],[34.6695,1.2082],[34.7952,1.2232],[34.8196,1.2622],[34.9067,1.2838],[34.9051,1.2524],[35.0126,1.2599],[35.043,1.1998],[35.0845,1.173],[35.088,1.1877],[35.1515,1.2046],[35.2421,1.0792],[35.362,1.0247],[35.3423,1.0097],[35.3523,0.9848],[35.3373,0.9734],[35.3593,0.95],[35.3489,0.9263],[35.3297,0.9389],[35.3054,0.8959],[35.2525,0.9463],[35.2224,0.9251],[35.1282,0.9255],[35.1018,0.8792],[35.0738,0.9047],[35.0411,0.9067],[34.809,0.8118],[34.8051,0.8441]],[[34.93695768727906,1.054507205462205],[34.93695768727906,1.0545072054622058],[34.9348,1.0519],[34.93695768727906,1.054507205462205]],[[34.983104275318375,1.0460888114008495],[34.9827,1.0463],[34.9678,1.0443],[34.983104275318375,1.0460888114008495]],[[34.99793333333331,1.0373256410256706],[34.9961,1.0393],[34.99588711727326,1.039411207394565],[34.99793333333331,1.0373256410256706]],[[34.999827397260276,1.0309020547945305],[35.0013,1.0337],[35.00095451174289,1.034072064276887],[34.999827397260276,1.0309020547945305]],[[34.9994,1.0297],[34.99990155440409,1.0289419689120027],[34.99940924855491,1.0297260115606905],[34.9994,1.0297]],[[35.0527,1.0657],[35.0475,1.0605],[35.04610756717235,1.0589459879363756],[35.0527,1.0657]],[[35.05473258246179,1.0641263877715197],[35.0622,1.0737],[35.05473258246179,1.0641263877715208],[35.05473258246179,1.0641263877715197]],[[35.1117,1.1774],[35.11132544987147,1.1777586118251875],[35.11166779220779,1.1769949250749314],[35.1117,1.1774]],[[34.9518,0.9783],[34.952,0.9784],[34.916,0.9613],[34.9518,0.9783]],[[35.0576,1.0593],[35.05730410958904,1.05970684931507],[35.057555371900825,1.0591066115702477],[35.0576,1.0593]],[[35.07022173913043,1.018647826086971],[35.0708,1.0279],[35.0698,1.0216],[35.07022173913043,1.018647826086971]],[[35.069502974828374,1.0071475972540096],[35.06955517241379,1.0079827586206669],[35.0694,1.0073],[35.069502974828374,1.0071475972540096]],[[34.8805,1.2322],[34.875729046762594,1.2457927158273188],[34.8766,1.2405],[34.8805,1.2322]],[[34.87542382594853,1.247647519235876],[34.879,1.2532],[34.8753,1.2484],[34.87542382594853,1.247647519235876]]]}},{"type":"Feature","properties":{"NAME_1":"Turkana","name":"Turkana"},"geometry":{"type":"Polygon","coordinates":[[[36.3942,0.9164],[36.3842,0.9551],[36.3515,0.9667],[36.3422,0.9983],[36.3173,0.9955],[36.1732,1.1752],[36.0961,1.171],[35.7855,1.6559],[35.794370261830416,1.670401585395156],[35.7865,1.6583],[35.5938,1.7685],[35.4981,1.7708],[35.4709,1.8083],[35.4732,1.8411],[35.3694,1.9343],[35.3937,1.9688],[35.3118,2.2841],[35.3031,2.403],[35.2917,2.4285],[35.2288,2.4498],[35.2129,2.5425],[35.1553,2.6303],[35.1091,2.6527],[35.0654,2.6248],[35.0555,2.5677],[35.0156,2.5018],[35.0256,2.4365],[34.9702,2.4483],[34.933,2.5162],[34.913,2.5168],[34.8938,2.5931],[34.8682,2.5708],[34.7992,2.6561],[34.7754,2.6981],[34.7753,2.788],[34.7363,2.8552],[34.7017,2.8779],[34.6924,2.8631],[34.6529,2.8678],[34.6393,2.907],[34.599,2.9249],[34.5765,3.0208],[34.5723,3.0917],[34.5458,3.1368],[34.4948,3.1416],[34.4604,3.1746],[34.4299,3.343],[34.4006,3.3709],[34.4017,3.4154],[34.4193,3.4337],[34.3889,3.4921],[34.4247,3.492],[34.4515,3.5175],[34.4632,3.6698],[34.4049,3.6931],[34.365,3.7355],[34.331,3.7334],[34.3079,3.7117],[34.2456,3.7842],[34.1709,3.7681],[34.1886,3.7955],[34.1532,3.8073],[34.18,3.8319],[34.226,3.8314],[34.2155,3.8812],[34.0884,3.8616],[34.0914,3.8856],[34.1199,3.9012],[34.1346,3.9617],[34.06,4.0099],[34.0588,4.0281],[34.0876,4.037],[34.0916,4.0617],[34.0495,4.1215],[34.0657,4.1444],[34.002,4.2214],[34.0177,4.236],[33.9921,4.256],[34.3715,4.6243],[34.9287,4.8588],[35.2996,4.9829],[35.4079,5.0612],[35.441,5.0582],[35.42,4.9438],[35.5374,4.9588],[35.487,4.7774],[35.5836,4.6239],[35.7048,4.623],[35.736,4.6669],[35.7661,4.6819],[35.7842,4.6729],[35.7926,4.6264],[35.8699,4.6273],[35.9654,4.5115],[36.0521,4.4492],[36.0521,3.2385],[36.1379,3.2087],[36.1507,3.2177],[36.1385,3.1515],[36.1529,3.0883],[36.1237,2.9859],[36.1374,2.9843],[36.1341,2.9685],[36.2477,2.9507],[36.2548,2.9704],[36.2827,2.8964],[36.3807,2.8431],[36.4293,2.723],[36.4473,2.7095],[36.4339,2.683],[36.4383,2.6341],[36.5149,2.5605],[36.5302,2.5264],[36.5244,2.451],[36.5388,2.4119],[36.5604,2.4006],[36.5933,2.4171],[36.6013,2.3608],[36.7233,2.3026],[36.7004,2.2027],[36.6111,2.1629],[36.5647,2.1084],[36.5686,2.0569],[36.5445,2.0277],[36.532,1.9563],[36.5412,1.9603],[36.5414,1.9187],[36.5151,1.8806],[36.5155,1.8232],[36.5316,1.808],[36.5116,1.7731],[36.5279,1.7578],[36.4871,1.7045],[36.464,1.616],[36.4411,1.615],[36.3931,1.5253],[36.3753,1.5442],[36.3701,1.5965],[36.357,1.5711],[36.3444,1.5783],[36.3026,1.5413],[36.2893,1.47],[36.3221,1.4756],[36.3558,1.4413],[36.3927,1.4493],[36.4282,1.4125],[36.4669,1.4025],[36.4604,1.3717],[36.3937,1.3157],[36.421,1.2996],[36.4359,1.3081],[36.4536,1.2607],[36.4472,1.2521],[36.4096,1.2789],[36.3893,1.2674],[36.412,1.2642],[36.4212,1.2384],[36.3951,1.2249],[36.3915,1.1796],[36.4199,1.1907],[36.4427,1.1792],[36.4336,1.1436],[36.4532,1.0183],[36.4217,0.9421],[36.3942,0.9164]],[[34.59918460111317,3.0399656771799624],[34.5989,3.0399],[34.5795,3.0191],[34.59918460111317,3.0399656771799624]],[[35.46988542303772,2.6149658511722724],[35.4696,2.6115],[35.4712,2.6079],[35.46988542303772,2.6149658511722724]],[[35.4731,2.6246],[35.4703,2.62],[35.470108720930234,2.6176773255813983],[35.4731,2.6246]],[[35.4597388263133,2.752901192617174],[35.4604,2.7403],[35.4649,2.7089],[35.4597388263133,2.752901192617174]],[[35.459761904761905,2.781549206349176],[35.4587,2.7727],[35.4591608184765,2.763917341977287],[35.459761904761905,2.781549206349176]],[[35.4679,2.825],[35.4611,2.7927],[35.46075085574573,2.7897904645477234],[35.4679,2.825]],[[35.471553308230234,2.828109198493814],[35.4714,2.8281],[35.4679,2.825],[35.471553308230234,2.828109198493814]],[[35.47803899184581,2.827951519644182],[35.4764,2.8284],[35.47587569113441,2.828368541468065],[35.47803899184581,2.827951519644182]],[[35.49890933653982,2.8216300183901564],[35.4965,2.8229],[35.485847830578514,2.825814772727271],[35.49890933653982,2.8216300183901564]],[[35.5459,2.8278],[35.54614699537751,2.8306580893683178],[35.54559317904993,2.8272700365407895],[35.5459,2.8278]],[[35.54751601541002,2.8374668684645106],[35.5472,2.8371],[35.54716059009483,2.836858904109584],[35.54751601541002,2.8374668684645106]],[[35.5841,2.8974],[35.5663,2.8758],[35.565918775995236,2.874894592988697],[35.5841,2.8974]],[[35.593699665215944,2.927357315031813],[35.5916,2.9254],[35.587866954519306,2.91836229130688],[35.593699665215944,2.927357315031813]],[[35.607595461200596,2.936012445095173],[35.5975,2.9309],[35.59630293780123,2.9297840945604703],[35.607595461200596,2.936012445095173]],[[35.6141,2.9396],[35.61545625,2.9414406249999994],[35.61353653966272,2.939289225484074],[35.6141,2.9396]],[[35.6211,2.9491],[35.62454203821656,2.9606062420382195],[35.619421023765995,2.9468213893967037],[35.6211,2.9491]],[[35.63611438848921,2.9704302158273377],[35.6289,2.9654],[35.62509310344827,2.961212413793098],[35.63611438848921,2.9704302158273377]],[[35.6411,2.9746],[35.64261875,2.9774687499999968],[35.64048454706927,2.9740852575488455],[35.6411,2.9746]],[[35.6456,2.9831],[35.647,2.9939],[35.6440410923277,2.980155396618987],[35.6456,2.9831]],[[35.6827,3.0455],[35.6667,3.0398],[35.66646008344923,3.039299304589706],[35.6827,3.0455]],[[35.7073,3.0431],[35.715,3.0478],[35.70692834532374,3.0431876258992796],[35.7073,3.0431]],[[35.72690701754386,3.054629824561404],[35.7261,3.0547],[35.725686305278174,3.0531693295292457],[35.72690701754386,3.054629824561404]],[[35.72849109947644,3.0537256544502607],[35.7284,3.0545],[35.72777272727273,3.0545545454545455],[35.72849109947644,3.0537256544502607]],[[35.728,3.0499],[35.7302,3.0392],[35.728545454545454,3.0532636363636385],[35.728,3.0499]],[[36.0597,2.5742],[36.06077476190476,2.5734883333333336],[36.059,2.5797],[36.0597,2.5742]],[[36.0671,2.5693],[36.06883333333333,2.5694],[36.06694897959184,2.5694],[36.0671,2.5693]],[[36.0723,2.5696],[36.0791,2.5736],[36.071917764165384,2.5695779479326184],[36.0723,2.5696]],[[36.1646,2.5323],[36.16506938523324,2.5324930182267535],[36.158,2.5324],[36.1646,2.5323]],[[36.184685039370095,2.5376590551181115],[36.1782,2.5371],[36.177805729396205,2.5369560599382983],[36.184685039370095,2.5376590551181115]],[[36.1952,2.5364],[36.1898,2.5381],[36.189191358024694,2.5380475308641977],[36.1952,2.5364]],[[36.202909731174344,2.5375243357962582],[36.2007,2.538],[36.1952,2.5364],[36.202909731174344,2.5375243357962582]],[[36.2202,2.5331],[36.2374,2.5301],[36.21238941569939,2.535483749754082],[36.2202,2.5331]],[[35.8004,1.9417809523809555],[35.79910644391408,1.9377770883054823],[35.8004,1.9392],[35.8004,1.9417809523809555]],[[35.7916,1.9688],[35.8004,1.942986666666665],[35.8004,1.9455],[35.7916,1.9688]],[[35.783037908135036,2.000624626452682],[35.7882,1.9959],[35.7861,1.9989],[35.783037908135036,2.000624626452682]],[[35.771799073215945,2.004619647822057],[35.78124867947179,2.001632352941177],[35.7774,2.0038],[35.771799073215945,2.004619647822057]],[[35.73724464692483,2.0072396355353077],[35.75916471885336,2.0064685777287763],[35.7528,2.0074],[35.73724464692483,2.0072396355353077]],[[35.7105,2.006],[35.72162292718097,2.0070785868781544],[35.714,2.007],[35.7105,2.006]],[[35.6987,2.0026],[35.701963532763536,2.0013058404558404],[35.694785585585585,2.0056247747747786],[35.6987,2.0026]],[[35.6877,2.0111],[35.69127142857143,2.008340259740254],[35.6837,2.0166],[35.6877,2.0111]],[[35.6928,2.0511],[35.6857,2.0401],[35.6998,2.0595],[35.6928,2.0511]],[[35.72125446934917,2.0809185255198397],[35.71870999038066,2.0774002336127624],[35.7204,2.079],[35.72125446934917,2.0809185255198397]],[[35.72600715935335,2.09629722863743],[35.72441392081737,2.0880123882503123],[35.7257,2.0909],[35.72600715935335,2.09629722863743]],[[35.725029211956524,2.1071680706521625],[35.72610824175824,2.098073390894811],[35.7264,2.1032],[35.725029211956524,2.1071680706521625]],[[35.7167,2.123],[35.723723869900766,2.1109466923925146],[35.7226,2.1142],[35.7167,2.123]],[[35.70283832335329,2.132835928143713],[35.70607437481612,2.131393350985585],[35.7048,2.1324],[35.70283832335329,2.132835928143713]],[[35.6875,2.1318],[35.69970956719818,2.1335312072892942],[35.6976,2.134],[35.6875,2.1318]],[[35.6137,2.2869],[35.6122,2.2849],[35.61762024539877,2.289329447852759],[35.6137,2.2869]],[[35.6279,2.2957],[35.62596912181302,2.294503399433424],[35.62894053452116,2.295835412026727],[35.6279,2.2957]],[[35.68504122983871,2.307443850806452],[35.6767,2.3056],[35.6845,2.3072],[35.68504122983871,2.307443850806452]],[[35.7219,2.3264],[35.7204505050505,2.3258202020202012],[35.729,2.3274],[35.7219,2.3264]],[[35.7888,2.343],[35.7864,2.3398],[35.790807951598964,2.343775799481417],[35.7888,2.343]],[[35.7932,2.3447],[35.79258563829787,2.3444626329787233],[35.79391225382932,2.344539168490153],[35.7932,2.3447]],[[35.8101,2.3436],[35.80333414634146,2.3427097560975607],[35.8037,2.3426],[35.8101,2.3436]],[[35.81505643693107,2.3415544863459066],[35.815,2.3416],[35.8101,2.3436],[35.81505643693107,2.3415544863459066]],[[35.8181,2.3391],[35.81684324324325,2.340113513513511],[35.8203,2.3332],[35.8181,2.3391]],[[35.8154383601757,2.261058857979488],[35.81528655737705,2.2628045901639586],[35.8152,2.2616],[35.8154383601757,2.261058857979488]],[[35.8224,2.2465],[35.819305429417554,2.2522795656466257],[35.82230869026987,2.2454613518197575],[35.8224,2.2465]],[[35.81968666666666,2.2118480000000016],[35.81918712871287,2.2128970297029693],[35.8191,2.2122],[35.81968666666666,2.2118480000000016]],[[36.00778776978417,2.0622062350119883],[36.0039,2.071],[36.0074,2.0625],[36.00778776978417,2.0622062350119883]],[[36.01244216354344,2.0605858603066443],[36.008958600583085,2.061319241982508],[36.0107,2.06],[36.01244216354344,2.0605858603066443]],[[36.02236680497925,2.064107468879668],[36.02066454545455,2.063350909090911],[36.022,2.0638],[36.02236680497925,2.064107468879668]],[[36.0309,2.0701],[36.03047142857143,2.0697785714285724],[36.03121218274112,2.0699020304568534],[36.0309,2.0701]],[[36.064842907180385,2.055663572679509],[36.0561,2.0543],[36.0624,2.0544],[36.064842907180385,2.055663572679509]],[[36.0818,2.0632],[36.078322891566266,2.0615084337349403],[36.08419137724551,2.0630131736526947],[36.0818,2.0632]],[[36.0931,2.062],[36.089333250927076,2.0626114647713223],[36.1585,2.0476],[36.0931,2.062]],[[35.797190791896874,1.676206629834263],[35.8002,1.6824],[35.8135,1.7185],[35.797190791896874,1.676206629834263]],[[36.20996332468242,2.526221813959842],[36.20105037768738,2.5202330621731512],[36.2067,2.5233],[36.20996332468242,2.526221813959842]],[[36.1097,2.1236],[36.09485997742026,2.063257126728762],[36.0952,2.0635],[36.1097,2.1236]],[[34.9794,3.4182],[34.9841,3.4583],[34.9754376443418,3.3969416474210985],[34.9794,3.4182]],[[34.97398951681266,3.381553546199492],[34.973490599675856,3.3831500810372765],[34.9733,3.3818],[34.97398951681266,3.381553546199492]],[[35.43638320610687,3.527720610687026],[35.43619121756487,3.5273846307385215],[35.4365,3.5275],[35.43638320610687,3.527720610687026]],[[35.4259,3.5426],[35.43304516129033,3.5340258064516052],[35.4311,3.5377],[35.4259,3.5426]],[[35.424981145584724,3.5556477326968965],[35.4247,3.5553],[35.4259,3.5426],[35.424981145584724,3.5556477326968965]],[[35.4381,3.5734],[35.4339,3.5695],[35.43864132935663,3.573370472944184],[35.4381,3.5734]],[[35.4436,3.5731],[35.43937892325315,3.573330240549828],[35.4521,3.5696],[35.4436,3.5731]],[[35.4736,3.5773],[35.46698647007806,3.573201474414571],[35.4671,3.5732],[35.4736,3.5773]],[[35.4849,3.594],[35.48473668341709,3.593698492462315],[35.48692127659572,3.5946914893616935],[35.4849,3.594]],[[35.5001,3.5992],[35.49772880000001,3.598388800000004],[35.501538108293346,3.599312268677176],[35.5001,3.5992]],[[35.527,3.6013],[35.502586136783734,3.5993940850277264],[35.5135,3.5993],[35.527,3.6013]],[[35.4493,3.5212],[35.44237407013815,3.527149309245483],[35.449730693069306,3.5202524752475286],[35.4493,3.5212]],[[35.45019527027028,3.519230405405392],[35.45239974747475,3.5105421717171774],[35.4518,3.5157],[35.45019527027028,3.519230405405392]],[[35.453296548378155,3.507007721097865],[35.4534,3.5066],[35.45603602771363,3.5064986143187067],[35.453296548378155,3.507007721097865]],[[35.46402456608811,3.5050140186915897],[35.4735,3.5007],[35.4641,3.505],[35.46402456608811,3.5050140186915897]],[[35.47577853403142,3.4956546746447237],[35.4757,3.4969],[35.4735,3.5007],[35.47577853403142,3.4956546746447237]],[[35.473,3.4498],[35.4736,3.4322],[35.47400185275475,3.4300361774743866],[35.473,3.4498]],[[35.474874713958805,3.425336155606432],[35.4762,3.4182],[35.47742573336031,3.4162352215253797],[35.474874713958805,3.425336155606432]],[[35.483,3.4073],[35.48958953951108,3.404152757248438],[35.4888,3.4049],[35.483,3.4073]],[[35.48993891761462,3.403822095829018],[35.5136,3.3763],[35.4944,3.3996],[35.48993891761462,3.403822095829018]],[[35.2088,3.9452],[35.21334272300469,3.934343661971837],[35.2127,3.9382],[35.2088,3.9452]],[[35.2159,3.919],[35.214373333333334,3.9281599999999877],[35.2141,3.9257],[35.2159,3.919]],[[34.930749999999996,3.7774],[34.9304,3.7776],[34.929967857142856,3.7775738095238096],[34.930749999999996,3.7774]],[[34.91200279134681,3.7735970690858247],[34.9086,3.7715],[34.904886649874065,3.768215113350135],[34.91200279134681,3.7735970690858247]],[[34.89971092715231,3.7636365894039665],[34.8982,3.7623],[34.8955,3.7581],[34.89971092715231,3.7636365894039665]],[[34.9949,3.6954],[35.00284913509649,3.6893896783416786],[35.0027,3.6899],[34.9949,3.6954]],[[35.003387248322156,3.687548322147604],[35.0047,3.68],[35.0091,3.668],[35.003387248322156,3.687548322147604]],[[35.01000751932537,3.656764230498951],[35.0069,3.6465],[35.0101,3.6565],[35.01000751932537,3.656764230498951]]]}},{"type":"Feature","properties":{"NAME_1":"UasinGishu","name":"UasinGishu"},"geometry":{"type":"Polygon","coordinates":[[[35.5866,0.0378],[35.4578,0.0146],[35.4664,0.0319],[35.4041,0.033],[35.3474,0.0654],[35.3719,0.0769],[35.387,0.1188],[35.3339,0.1472],[35.3407,0.1988],[35.3661,0.2002],[35.3571,0.2155],[35.3422,0.2067],[35.3243,0.2283],[35.3122,0.2189],[35.2898,0.2333],[35.1502,0.4611],[35.1418,0.4777],[35.1667,0.5517],[35.1414,0.5411],[35.1046,0.5616],[35.0996,0.5446],[35.0454,0.5672],[34.8521,0.5518],[34.8908,0.6123],[34.9202,0.5966],[35.0,0.6432],[35.0272,0.6184],[35.0393,0.6453],[35.0863,0.6343],[35.155,0.6668],[35.1448,0.832],[35.125,0.8235],[35.1161,0.8563],[35.128,0.9254],[35.2224,0.9251],[35.2527,0.9463],[35.3054,0.8959],[35.3297,0.9389],[35.3489,0.9263],[35.3593,0.95],[35.3854,0.9502],[35.4206,0.9435],[35.4151,0.9135],[35.4689,0.906],[35.4562,0.8823],[35.4885,0.882],[35.4812,0.8274],[35.4993,0.8254],[35.5074,0.771],[35.4909,0.7554],[35.505,0.7078],[35.4092,0.7084],[35.4813,0.5949],[35.4613,0.4601],[35.4881,0.3853],[35.4684,0.3745],[35.5137,0.3273],[35.4949,0.3178],[35.5042,0.2988],[35.4855,0.255],[35.5049,0.2296],[35.5401,0.2302],[35.5127,0.1932],[35.5679,0.203],[35.5878,0.1762],[35.5735,0.0707],[35.5418,0.0935],[35.5736,0.0704],[35.5866,0.0378]],[[35.1687,0.5493],[35.168985,0.5494149999999998],[35.1667,0.5517],[35.1687,0.5493]],[[35.1744,0.5516],[35.1762,0.5528],[35.1709044198895,0.5501895027624318],[35.1744,0.5516]],[[35.20018461538461,0.5688512820512807],[35.1968,0.5684],[35.196247415634346,0.5678812473302023],[35.20018461538461,0.5688512820512807]],[[35.2233,0.5427],[35.2278,0.5496],[35.227601008533746,0.5495425135764147],[35.2233,0.5427]],[[35.2393,0.5289],[35.23956341463415,0.5287097560975584],[35.23944074074074,0.5290777777777798],[35.2393,0.5289]],[[35.2429,0.5263],[35.24394784482759,0.5267931034482768],[35.23987176470588,0.5284870588235323],[35.2429,0.5263]],[[35.2475,0.5254],[35.2491,0.5285],[35.247350788381745,0.5254874688796678],[35.2475,0.5254]],[[35.2617,0.5192],[35.26268620689655,0.5195810344827575],[35.261514285714284,0.5193857142857136],[35.2617,0.5192]],[[35.269528220858895,0.5222245398773014],[35.2687,0.5227],[35.26714086021506,0.521302150537636],[35.269528220858895,0.5222245398773014]],[[35.2725,0.5197],[35.275745,0.5188150000000004],[35.27156553911205,0.5210549682875264],[35.2725,0.5197]],[[35.276979999999966,0.5259999999998264],[35.2766,0.5242],[35.2756,0.5191],[35.276979999999966,0.5259999999998264]],[[35.2788,0.5131],[35.28142686567162,0.5148238805970033],[35.27866602564102,0.5134807692307675],[35.2788,0.5131]],[[35.2892,0.5108],[35.2822,0.5152],[35.282088645690834,0.5151458276333771],[35.2892,0.5108]],[[35.1843,0.6804],[35.1782,0.6776],[35.18439043478261,0.680253043478261],[35.1843,0.6804]],[[35.27819539078156,0.531757114228455],[35.2849,0.5428],[35.2785,0.5332],[35.27819539078156,0.531757114228455]],[[35.31363012048193,0.6058246127366599],[35.3204,0.6242],[35.3136,0.6061],[35.31363012048193,0.6058246127366599]],[[35.3253,0.6366],[35.3319,0.6426],[35.33192367531003,0.6429314543404739],[35.3253,0.6366]],[[35.326459508408796,0.6738420439844763],[35.33112378048781,0.6656109756097524],[35.3268,0.6739],[35.326459508408796,0.6738420439844763]]]}},{"type":"Feature","properties":{"NAME_1":"Vihiga","name":"Vihiga"},"geometry":{"type":"Polygon","coordinates":[[[34.6024,0.0174],[34.5651,-0.0362],[34.5643,-0.014],[34.533,-0.01],[34.5602,0.0521],[34.5539,0.0933],[34.5859,0.1192],[34.6873,0.1292],[34.7375,0.154],[34.7601,0.143],[34.7965,0.1673],[34.8167,0.1584],[34.8115,0.1888],[34.8466,0.1877],[34.8933,0.2126],[34.914,0.2037],[34.9156,0.1627],[34.8596,0.1256],[34.8367,0.0373],[34.7628,0.0034],[34.7419,0.0098],[34.7397,-0.0193],[34.7317,-0.0061],[34.71392147629985,0.01565137815827935],[34.7261,0.0001],[34.6886,-0.0197],[34.6887,-0.0046],[34.6024,0.0174]],[[34.673089257142856,0.08544137142856982],[34.673089257142856,0.08544137142856983],[34.6647,0.081],[34.673089257142856,0.08544137142856982]],[[34.71645479452055,0.08906438356164374],[34.7132,0.0892],[34.6991,0.0862],[34.71645479452055,0.08906438356164374]],[[34.741374641148326,0.08943859649123054],[34.741,0.0901],[34.74058467943381,0.09001790174854318],[34.741374641148326,0.08943859649123054]],[[34.749080269393865,0.07565342978299376],[34.7491,0.0758],[34.74856379613359,0.07674663151724756],[34.749080269393865,0.07565342978299376]],[[34.6501,0.0298],[34.6625,0.0533],[34.6445,0.0217],[34.6501,0.0298]],[[34.6783,0.1134],[34.6807,0.1235],[34.67819690166143,0.11329506061966843],[34.6783,0.1134]],[[34.6777,0.1018],[34.6727,0.1077],[34.67768335363378,0.10173951820273042],[34.6777,0.1018]],[[34.75343937007874,0.07208031496062924],[34.7604,0.0738],[34.76204449291166,0.07460806979279977],[34.75343937007874,0.07208031496062924]],[[34.774,0.0788],[34.7782575,0.0823206250000001],[34.7781,0.0823],[34.774,0.0788]],[[34.78102450331126,0.08268297067171243],[34.7827,0.0823],[34.78459831824062,0.08315097024579589],[34.78102450331126,0.08268297067171243]],[[34.8195,0.1516],[34.818651515151515,0.15355151515151277],[34.8186,0.1535],[34.8195,0.1516]],[[34.81919565217392,0.1540956521739132],[34.82079291338582,0.15454488188976337],[34.8199,0.1548],[34.81919565217392,0.1540956521739132]],[[34.82557234042553,0.15325106382978715],[34.8257,0.1532],[34.825914634146336,0.15349268292682902],[34.82557234042553,0.15325106382978715]]]}},{"type":"Feature","properties":{"NAME_1":"Wajir","name":"Wajir"},"geometry":{"type":"Polygon","coordinates":[[[40.2382,0.2536],[40.059,0.3931],[39.9839,0.4083],[39.9046,0.463],[39.8009,0.4845],[39.7329,0.5253],[39.5641,0.7557],[39.4931,0.9605],[39.4639,0.9905],[39.2769,1.4733],[39.4483,1.5357],[39.3971,1.5643],[39.3073,1.6681],[39.2037,1.7161],[39.1293,1.8737],[39.0599,1.9273],[38.9945,2.0067],[38.9847,2.0706],[38.937,2.1596],[38.9343,2.3703],[38.8905,2.5199],[38.8881,2.5437],[38.9789,2.5691],[39.0037,2.6103],[39.0625,2.7383],[39.0673,2.8831],[39.1121,2.8841],[39.1249,2.9369],[39.2455,2.9855],[39.2897,3.0375],[39.3453,3.0707],[39.342,3.2508],[39.3001,3.4294],[39.3082,3.4773],[39.4937,3.4575],[39.5161,3.4044],[39.5439,3.4015],[39.5819,3.4781],[39.7792,3.6865],[39.7871,3.3365],[40.0335,3.2373],[40.2701,2.9717],[40.4931,2.8687],[40.4943,2.7999],[40.5207,2.7761],[40.5199,2.7403],[40.4999,2.7201],[40.6135,2.4643],[40.6617,2.4283],[40.6655,2.3911],[40.7225,2.3253],[40.8329,2.2881],[40.9003,2.2029],[40.9437,2.1773],[40.9786,2.1784],[40.9938,1.8239],[40.9887,0.4621],[40.8581,0.3759],[40.7713,0.3532],[40.7171,0.3206],[40.6813,0.2571],[40.6491,0.2327],[40.5855,0.2153],[40.5335,0.2266],[40.5077,0.1941],[40.4787,0.1867],[40.3394,0.1987],[40.2382,0.2536]],[[39.6166,2.1859],[39.616871732412285,2.185875786220687],[39.6148662188858,2.1870753457131644],[39.6166,2.1859]],[[39.68159489051093,2.142934671532886],[39.6767,2.1522],[39.66935298057605,2.1621136637641856],[39.68159489051093,2.142934671532886]],[[39.7062,2.0905],[39.6935,2.1204],[39.688377663934446,2.130095850409796],[39.7062,2.0905]],[[39.73217881920827,2.0491933750510176],[39.7305,2.053],[39.7165,2.0775],[39.73217881920827,2.0491933750510176]],[[39.744,2.0139],[39.7478,2.0046],[39.736197933982425,2.0400802659700834],[39.744,2.0139]],[[39.81449891891892,1.8488956756756838],[39.8151,1.8513],[39.81424288032454,1.8557660446247535],[39.81449891891892,1.8488956756756838]],[[39.8147,1.8435],[39.8244,1.8252],[39.81464448070647,1.8449897677097222],[39.8147,1.8435]],[[39.8526,1.7373],[39.85298544502618,1.736357801047123],[39.8545,1.7427],[39.8526,1.7373]],[[39.8535,1.7351],[39.8594,1.733],[39.853185775862066,1.7358681034482755],[39.8535,1.7351]],[[40.0244,1.7923],[40.0171,1.7903],[40.01647395973154,1.7895601342281873],[40.0244,1.7923]],[[40.02213749179251,1.7982547275114864],[40.0079,1.8342],[40.022227116445016,1.7978178073305326],[40.02213749179251,1.7982547275114864]],[[40.0269,1.7929],[40.02765668789809,1.7931024062278842],[40.0241,1.7933],[40.0269,1.7929]],[[40.1031,1.8081],[40.0999,1.8093],[40.097721428571425,1.8089964285714286],[40.1031,1.8081]],[[40.2643,1.8813],[40.266563157894744,1.884287368421064],[40.26266401028277,1.8801282776349595],[40.2643,1.8813]],[[40.2693,1.8879],[40.27190000000002,1.8933666666667073],[40.268220780711815,1.8864754305395968],[40.2693,1.8879]],[[40.2957,1.9319],[40.2803,1.9091],[40.28016736842105,1.9088515789473672],[40.2957,1.9319]],[[40.3381,1.9929],[40.3259,1.9833],[40.32530382165604,1.9824802547770635],[40.3381,1.9929]],[[40.4411,2.0123],[40.44718040201005,2.014842713567839],[40.4313,2.0107],[40.4411,2.0123]],[[40.4521,2.0169],[40.45252296650718,2.017758373205745],[40.450738095238094,2.016330476190475],[40.4521,2.0169]],[[40.5617,2.1387],[40.5531,2.1557],[40.5617,2.136304255319145],[40.5617,2.1387]],[[39.49573376623376,1.0170298701298697],[39.4867,1.0153],[39.4937,1.0159],[39.49573376623376,1.0170298701298697]],[[39.5163,1.0307],[39.49723271028038,1.017862616822432],[39.4991,1.0189],[39.5163,1.0307]],[[39.9241,1.5207],[39.922855045871565,1.5158467889908411],[39.92534583333333,1.5224888888888783],[39.9241,1.5207]],[[40.041618651553065,1.6918710191864175],[40.0309,1.6617],[40.04168613436042,1.69186122756339],[40.041618651553065,1.6918710191864175]],[[40.12368571428571,1.7388428571428571],[40.123040215716486,1.7344534668721192],[40.1239,1.7367],[40.12368571428571,1.7388428571428571]],[[40.0039,1.7719],[40.0037,1.7607],[40.004438453608245,1.757720721649493],[40.0039,1.7719]],[[40.006232020155764,1.7504846083371124],[40.0095,1.7373],[40.0235,1.6945],[40.006232020155764,1.7504846083371124]],[[39.871,2.1858],[39.87084848484849,2.187860606060614],[39.870821179039304,2.184447379912662],[39.871,2.1858]],[[39.86729589041096,2.131911643835616],[39.867118833123,2.1539552761867737],[39.8669,2.1523],[39.86729589041096,2.131911643835616]],[[39.01127469204927,2.289391377379623],[38.9951,2.3075],[39.0099,2.2905],[39.01127469204927,2.289391377379623]],[[39.01724412265758,2.2853746166950595],[39.015246107784435,2.2861886227544908],[39.0161,2.2855],[39.01724412265758,2.2853746166950595]],[[39.14859281481482,2.456620666666673],[39.146760672430354,2.4524024783861607],[39.1479,2.4541],[39.14859281481482,2.456620666666673]],[[39.1561,2.4987],[39.15042034294622,2.463269758378796],[39.1526,2.4712],[39.1561,2.4987]],[[39.830996164639835,2.3468633302152107],[39.8271,2.3665],[39.8299,2.3509],[39.830996164639835,2.3468633302152107]],[[39.87,2.1994],[39.8547,2.2609],[39.8701475409836,2.197393442622956],[39.87,2.1994]]]}},{"type":"Feature","properties":{"NAME_1":"WestPokot","name":"WestPokot"},"geometry":{"type":"Polygon","coordinates":[[[35.4234,1.1795],[35.4727,1.1441],[35.4685,1.1244],[35.4474,1.1273],[35.4477,1.0709],[35.4755,1.0234],[35.4682,1.0045],[35.4355,1.0118],[35.4197,0.9844],[35.3662,1.0104],[35.3885,1.0231],[35.3831,1.0542],[35.3428,1.0656],[35.3524,1.0881],[35.3336,1.1277],[35.151787802740756,1.2044624843457477],[35.088,1.1877],[35.0845,1.173],[35.043,1.1998],[35.0126,1.2599],[34.9051,1.2524],[34.9067,1.2838],[34.8196,1.2622],[34.8286,1.3106],[34.7867,1.3664],[34.8065,1.384],[34.7938,1.4137],[34.8442,1.4572],[34.864,1.5285],[34.9436,1.5768],[34.9912,1.6645],[35.0002,1.9626],[34.9845,1.9854],[34.9166,2.4249],[34.9536,2.4579],[35.0256,2.4365],[35.0197,2.513],[35.0555,2.5677],[35.0654,2.6248],[35.1091,2.6527],[35.1575,2.6284],[35.2129,2.5425],[35.2288,2.4498],[35.2976,2.4206],[35.3118,2.2841],[35.3937,1.9688],[35.3593,1.9304],[35.3694,1.9343],[35.4732,1.8411],[35.4709,1.8083],[35.498,1.7709],[35.5938,1.7685],[35.7858,1.6618],[35.7693,1.5386],[35.7064,1.442],[35.7119,1.4063],[35.6878,1.3626],[35.6981,1.3256],[35.6065,1.2832],[35.5443,1.2911],[35.4234,1.1795]],[[35.3727,1.9246],[35.37411624843161,1.922037264742796],[35.3718,1.9319],[35.3727,1.9246]],[[34.9221,1.4101],[34.9221280961183,1.4103458410351202],[34.9163,1.4119],[34.9221,1.4101]],[[34.9394,1.4344],[34.9410613086771,1.4364522048364157],[34.9396,1.4266],[34.9394,1.4344]],[[34.9475,1.4381],[34.94839719626168,1.4396700934579452],[34.9436,1.4357],[34.9475,1.4381]],[[34.94920375620128,1.4469178596739918],[34.949,1.4466],[34.9515,1.4451],[34.94920375620128,1.4469178596739918]],[[34.985,1.481],[34.9824,1.4826],[34.98235060639471,1.4825700110253595],[34.985,1.481]],[[34.98779484978541,1.4820575107296137],[34.9872,1.4824],[34.985,1.481],[34.98779484978541,1.4820575107296137]],[[34.9909,1.4805],[34.993,1.4817],[34.990757104194856,1.4806234100135334],[34.9909,1.4805]],[[35.0049,1.4802],[35.0043,1.4827],[35.0041167539267,1.4826476439790577],[35.0049,1.4802]],[[35.0151,1.4794],[35.016446153846154,1.4797589743589752],[35.0086,1.4822],[35.0151,1.4794]],[[35.0579,1.5014],[35.05788028503563,1.5016168646080739],[35.0544,1.5003],[35.0579,1.5014]],[[35.05792435129741,1.5049495009980036],[35.0581,1.5057],[35.0577,1.5091],[35.05792435129741,1.5049495009980036]],[[35.063,1.5097],[35.0628,1.5136],[35.0628,1.509684],[35.063,1.5097]],[[35.0686,1.531],[35.0679,1.535],[35.06821731927711,1.5301302710843268],[35.0686,1.531]],[[35.2486,1.5368],[35.2588,1.5372],[35.2432,1.5373],[35.2486,1.5368]],[[35.306705798045606,1.5414614983713353],[35.3002,1.5448],[35.2951,1.5456],[35.306705798045606,1.5414614983713353]],[[35.3273,1.5452],[35.331724651162794,1.5515911627906969],[35.3317,1.5516],[35.3273,1.5452]],[[35.3394,1.5508],[35.34055714285714,1.5506714285714285],[35.33943913043478,1.5508747035573127],[35.3394,1.5508]],[[35.343,1.5504],[35.3435,1.5522],[35.342665,1.550437222222223],[35.343,1.5504]],[[35.341825231910946,1.5534807050092752],[35.3417,1.5534],[35.3435,1.5522],[35.341825231910946,1.5534807050092752]],[[35.346224275118004,1.5562298718813237],[35.3462,1.5563],[35.34309655172424,1.5543000000000602],[35.346224275118004,1.5562298718813237]],[[35.347,1.5537],[35.3470772972973,1.5537655855855834],[35.346884955752216,1.5543212389380414],[35.347,1.5537]],[[35.3803,1.5513],[35.3793,1.5523],[35.37901040723982,1.5522457013574658],[35.3803,1.5513]],[[35.3781,1.547],[35.3812,1.5476],[35.37806044678055,1.5471243101182663],[35.3781,1.547]],[[35.38754212765957,1.5493022695035439],[35.3876,1.5495],[35.3835,1.5468],[35.38754212765957,1.5493022695035439]],[[35.3865,1.5453],[35.386784313725535,1.5450843137254533],[35.38650421348314,1.5453143960674183],[35.3865,1.5453]],[[35.3894,1.5431],[35.3913,1.5436],[35.38935222405272,1.5431362438220757],[35.3894,1.5431]],[[35.3923,1.5419],[35.392487401574805,1.541917847769029],[35.3913,1.5436],[35.3923,1.5419]],[[35.34,1.5079],[35.3443,1.5035],[35.34008160867601,1.508012697695436],[35.34,1.5079]],[[35.2081,1.2381],[35.16022656368704,1.2095032919726678],[35.1919,1.2273],[35.2081,1.2381]],[[35.1439,1.2794],[35.1424,1.2791],[35.1459,1.2774],[35.1439,1.2794]],[[35.16033517219388,1.2957805803571432],[35.1585,1.2924],[35.1604,1.2957],[35.16033517219388,1.2957805803571432]],[[35.1393,1.3156],[35.1497,1.309],[35.13839378806334,1.3169970767356887],[35.1393,1.3156]],[[35.1345,1.323],[35.13656586826347,1.3198151197604853],[35.1345494411006,1.3249282029234692],[35.1345,1.323]],[[35.1318,1.3322],[35.13184745762712,1.3321101694915254],[35.1332,1.3381],[35.1318,1.3322]],[[35.1312,1.3427],[35.1312,1.3387],[35.13129185803758,1.342741753653446],[35.1312,1.3427]],[[35.14522167883212,1.3789945985401462],[35.1424,1.3788],[35.1452,1.3789],[35.14522167883212,1.3789945985401462]],[[35.1468,1.3844],[35.146635511982566,1.3838078431372556],[35.14875411764706,1.3844888235294117],[35.1468,1.3844]],[[35.1461,1.3901],[35.14896987424822,1.3845581738655013],[35.1491,1.3846],[35.1461,1.3901]],[[35.1464,1.3982],[35.149,1.398],[35.14635485327314,1.3983918735891643],[35.1464,1.3982]],[[35.146,1.3999],[35.1460923076923,1.3995076923077152],[35.14601588235294,1.3999152941176467],[35.146,1.3999]],[[35.1246197117859,1.4325691199176753],[35.12431544668588,1.421083112391909],[35.1273,1.4232],[35.1246197117859,1.4325691199176753]],[[35.1223,1.4446],[35.124352561247214,1.436902895322935],[35.1241,1.441],[35.1223,1.4446]],[[35.1249,1.4673],[35.125127586206894,1.4667310344827498],[35.12524477611941,1.4681373134328501],[35.1249,1.4673]],[[35.1263,1.4707],[35.12591666666666,1.4697690476190393],[35.12653,1.4707328571428568],[35.1263,1.4707]],[[35.13058375733855,1.4726804305283752],[35.130316341030195,1.4721753108348143],[35.1307,1.4723],[35.13058375733855,1.4726804305283752]],[[35.1278,1.4839],[35.127854054054055,1.483694967381174],[35.1303,1.4869],[35.1278,1.4839]],[[35.133409540636045,1.487774558303888],[35.1334,1.4878],[35.1303,1.4869],[35.133409540636045,1.487774558303888]],[[35.1357,1.4863],[35.1345862745098,1.4862344867358706],[35.1369,1.4829],[35.1357,1.4863]],[[35.2232,1.5455],[35.223073329459616,1.5448603137710628],[35.22393898305084,1.545684745762712],[35.2232,1.5455]],[[35.4688,1.0093],[35.4669,1.0076],[35.4685,1.0084],[35.4688,1.0093]],[[35.4662,1.02],[35.4603,1.0124],[35.4688,1.0128],[35.4662,1.02]],[[35.08849788732394,1.485310563380285],[35.0893,1.4813],[35.0893,1.4847],[35.08849788732394,1.485310563380285]],[[35.0874,1.3969],[35.0821,1.3921],[35.081811128284386,1.3913984544049371],[35.0874,1.3969]],[[35.081134626865676,1.389755522388066],[35.0807,1.3887],[35.0832,1.3768],[35.081134626865676,1.389755522388066]],[[35.086299236641224,1.3639122137404551],[35.0863,1.3639],[35.0888,1.3617],[35.086299236641224,1.3639122137404551]],[[35.11286590118302,1.4029315240083524],[35.113,1.403],[35.1122,1.4055],[35.11286590118302,1.4029315240083524]],[[35.1172,1.415],[35.124,1.4197],[35.12415723289316,1.4203894057623092],[35.1172,1.415]],[[35.397155,1.5436100000000004],[35.39257,1.5419257142857141],[35.3965,1.5423],[35.397155,1.5436100000000004]],[[35.3974,1.5437],[35.39726883365201,1.5436518164435948],[35.4002,1.5416],[35.3974,1.5437]],[[35.4064,1.5393],[35.4022,1.5423],[35.40758830275229,1.536977408256887],[35.4064,1.5393]],[[35.41118412698413,1.5345301587301587],[35.40981348005502,1.534779367262723],[35.4104,1.5342],[35.41118412698413,1.5345301587301587]],[[35.4123,1.535],[35.4119,1.539],[35.4119,1.5348315789473688],[35.4123,1.535]],[[35.3713,1.8964],[35.3712,1.8963],[35.3579,1.8798],[35.3713,1.8964]],[[35.3708,1.9116],[35.37251576,1.900828839999994],[35.3727,1.9015],[35.3708,1.9116]],[[35.37466342105263,1.919707368421044],[35.3741,1.9152],[35.3749,1.9187],[35.37466342105263,1.919707368421044]],[[35.1278,1.6552],[35.131638278931746,1.652542729970329],[35.1277811722913,1.655477708703375],[35.1278,1.6552]],[[35.12765230769231,1.6573784615384615],[35.12777579318449,1.6615769682726198],[35.1274,1.6611],[35.12765230769231,1.6573784615384615]],[[35.1171,1.7185],[35.11558281053952,1.7107509410288586],[35.118728635346756,1.7202837434750198],[35.1171,1.7185]],[[35.118938932686476,1.7205140691328076],[35.11990527522936,1.7206119266055044],[35.1192,1.7208],[35.118938932686476,1.7205140691328076]],[[35.1564,1.7839],[35.15883586005831,1.7956895626822176],[35.1585,1.7956],[35.1564,1.7839]]]}}]}